Brand,Title,Original Price,Sale Price
The Indian Garage Co,Men Striped Slim Fit Shirt with Patch Pocket,"₹1,749",₹525
The Indian Garage Co,Checked Shirt with Patch Pocket,"₹1,749",₹525
The Indian Garage Co,Checked Shirt with Patch Pocket,"₹2,049",₹615
Campus Sutra,Checked Shirt with Spread Collar,"₹1,899",₹608
THE BEAR HOUSE,Men Slim Fit Shirt with Patch Pocket,"₹2,495",₹873
RAYMOND,Men Self-Design Slim Fit Shirt,"₹2,099",₹945
NA,NA,NA,NA
The Indian Garage Co,Men Striped Slim Fit Shirt with Patch Pocket,"₹1,749",₹437
WUXI,Men Knitted Loose Fit Shirt with Mandarin Collar,"₹2,399",₹312
British Club,Men Striped Slim Fit Cotton Shirt,"₹1,899",₹741
British Club,Men Striped Slim Fit Cotton Shirt,"₹1,899",₹741
DENNISLINGO PREMIUM ATTIRE,Slim Fit Shirt with Spread Collar,"₹1,849",₹481
RAYMOND,Men Slim Fit Shirt with Patch Pocket,"₹2,399","₹1,080"
The Indian Garage Co,Twin Striped Shirt with Patch Pocket,"₹1,749",₹455
NETPLAY,Men Slim Fit Shirt,NA,₹699
THE BEAR HOUSE,Men Checked Slim Fit Shirt,"₹2,495",₹873
A,NA,NA,NA
EYEBOGLER,Men Shirt with Spread Collar,"₹1,299",₹364
SNITCH,Men Checked Regular Fit Shirt with Button-Down Collar,NA,"₹1,199"
RAYMOND,Men Checked Slim Fit Shirt with Patch Pocket,"₹2,299","₹1,035"
The Indian Garage Co,Shirt with Patch Pocket,"₹1,749",₹542
THE BEAR HOUSE,Checked Shirt with Patch Pocket,"₹2,495",₹873
DENNISLINGO PREMIUM ATTIRE,Classic Slim Fit Shirt with Full Sleeves,"₹1,849",₹647
U.S. Polo Assn.,Men Tailored Fit Shirt,"₹2,299","₹1,058"
Vooter,Men Self-Design Regular Fit Shirt,"₹1,999",₹500
RAYMOND,Men Embroidered Regular Fit Shirt with Spread Collar,"₹2,699","₹1,215"
NA,NA,NA,NA
The Indian Garage Co,Checked Shirt with Patch Pocket,"₹1,749",₹542
The Indian Garage Co,Men Printed Slim Fit Shirt with Patch Pocket,"₹1,749",₹490
The Indian Garage Co,Checked Shirt with Patch Pocket,"₹2,149",₹645
The Indian Garage Co,Men Checked Slim Fit Shirt with Patch Pocket,"₹1,749",₹455
The Indian Garage Co,Checked Shirt with Patch Pocket,"₹2,149",₹537
RAYMOND,Men Micro Print Slim Fit Shirt,"₹2,299","₹1,035"
The Indian Garage Co,Leaf Print Slim Fit Shirt,"₹1,749",₹455
U.S. Polo Assn.,Men Slim Fit Shirt,"₹2,499","₹1,175"
Noble Monk,Men Ribbed Regular Fit Hooded Shirt with Patch Pocket,"₹1,299",₹403
NA,NA,NA,NA
ALLEN SOLLY,Men Checked Regular Fit Shirt,"₹2,299","₹1,494"
The Indian Garage Co,Striped Shirt with Patch Pocket,"₹2,099",₹588
WUXI,Men Knitted Loose Fit Shirt with Mandarin Collar,"₹2,399",₹312
ARMANI EXCHANGE,Men Regular Fit Shirt with Brand Embroidery,"₹10,999","₹7,699"
NETPLAY FOR TRENDS SELECT,Men Printed Slim Fit Shirt,₹799,₹567
British Club,Men Checked Slim Fit Shirt,"₹1,999",₹760
PETER ENGLAND,Men Slim Fit Cotton Shirt with Patch Pocket,"₹1,799",₹864
The Indian Garage Co,Spread Collar Shirt with Patch Pocket,"₹1,749",₹525
EYEBOGLER,Slim Fit Shirt with Spread Collar,"₹2,499",₹375
NA,NA,NA,NA
British Club,Men Ombre-Dyed Slim Fit Shirt,"₹1,899",₹646
THE BEAR HOUSE,Men Striped Slim Fit Shirt,"₹2,599",₹962
MORLY,Men Tie Dye Regular Fit Shirt,₹999,₹390
British Club,Men Checked Slim Fit Shirt with Patch Pocket,"₹2,095",₹775
EYEBOGLER,Men Checked Regular Fit Shirt,"₹1,299",₹390
British Club,Men Checked Slim Fit Shirt with Patch Pocket,"₹2,095",₹754
Vastrado,Men Shirt with Cutaway Collar,"₹1,649",₹742
THE BEAR HOUSE,Men Cotton Slim Fit Casual Shirt,"₹3,399","₹1,462"
Noble Monk,Men Striped Regular Fit Shirt with Spread Collar,"₹1,299",₹351
NA,NA,NA,NA
SNITCH,Classic Shirt with Button-Down Collar,₹899,₹499
SNITCH,Men Checked Slim Fit Shirt with Patch Pocket,"₹2,398","₹1,199"
U.S. Polo Assn.,Men Logo Embroidered Slim Fit Shirt,"₹2,699","₹1,889"
Jankit Designer,Men Regular Fit Spread Collar Shirt,"₹1,999",₹500
EYEBOGLER,Men Shirt with Spread Collar,"₹1,299",₹364
THE BEAR HOUSE,Men Slim Fit Spread-Collar Shirt,"₹2,599",₹962
MORLY,Men Textured Boxy Fit Shirt with Patch Pocket,"₹1,499",₹480
NETPLAY FOR TRENDS SELECT,Men Floral Print Slim Fit Shirt,₹899,₹638
The Indian Garage Co,Spread Collar Shirt with Patch Pocket,"₹1,749",₹525
NA,NA,NA,NA
The Indian Garage Co,Checked Shirt with Patch Pocket,"₹1,949",₹624
WUXI,Men Loose Fit Band-Collar Shirt with Drop-Shoulder Sleeves,"₹2,399",₹312
LOUIS PHILIPPE,Men Regular Fit Shirt,"₹2,399","₹1,415"
THE BEAR HOUSE,Men Checked Slim Fit Shirt,"₹2,495",₹873
The Indian Garage Co,Checked Shirt with Patch Pocket,"₹2,049",₹656
U.S. Polo Assn.,Men Tailored Fit Shirt,"₹2,499","₹1,200"
H&M,Men Regular Fit Twill Shirt,NA,"₹1,499"
H&M,Men Regular Fit Shirt,NA,"₹1,499"
Indo_primo,Men Checked Regular Fit Shirt with Patch Pocket,₹999,₹249
NA,NA,NA,NA
The Indian Garage Co,Checked Shirt with Patch Pocket,"₹1,949",₹585
SNITCH,Men Checked Slim Fit Shirt with Patch Pocket,"₹2,398","₹1,199"
DENNISLINGO PREMIUM ATTIRE,Slim Fit Shirt with Spread Collar,"₹1,849",₹481
WUXI,Men Knitted Loose Fit Shirt with Mandarin Collar,"₹2,399",₹312
The Indian Garage Co,Checked Shirt with Patch Pocket,"₹2,049",₹615
The Indian Garage Co,Men Slim Fit Shirt with Flap Pockets,"₹1,849",₹573
The Indian Garage Co,Men Checked Slim Fit Shirt,"₹1,999",₹600
DENNISLINGO PREMIUM ATTIRE,Slim Fit Shirt with Patch Pocket,"₹1,849",₹647
Jankit Designer,Men Regular Fit Short Sleeve Shirt,"₹1,999",₹500
NA,NA,NA,NA
NETPLAY,Men Checked Slim Fit Shirt,₹799,₹567
The Indian Garage Co,Striped Shirt with Patch Pocket,"₹2,099",₹588
EYEBOGLER,Men Regular Fit Shirt with Patch Pocket,"₹1,299",₹429
THE BEAR HOUSE,Striped Patch-Pocket Shirt,"₹2,495",₹873
Campus Sutra,Men Checked Regular Fit Shirt,"₹1,899",₹627
NETPLAY FOR TRENDS SELECT,Men Striped Regular Fit Shirt,₹799,₹567
NETPLAY,Men Printed Slim Fit Shirt,₹799,₹567
The Indian Garage Co,Men Checked Slim Fit Shirt with Patch Pocket,"₹1,749",₹455
Vastrado,Men Shirt with Cutaway Collar,"₹1,649",₹742
NA,NA,NA,NA
NETPLAY,Men Checked Slim Fit Cotton Shirt,₹799,₹567
Campus Sutra,Men Checked Regular Fit Shirt,"₹1,499",₹480
Flocculent,Men Printed Regular Fit Shirt with Short Sleeves,"₹1,999",₹500
WUXI,Men Shirt with Spread Collar,"₹1,499",₹405
Vooter,Men Floral Print Regular Fit Shirt with Short Sleeves,"₹1,999",₹420
SNITCH,Men Checked Slim Fit Shirt,"₹2,398","₹1,199"
The Indian Garage Co,Men Checked Slim Fit Shirt with Patch Pocket,"₹1,749",₹455
DENNISLINGO PREMIUM ATTIRE,Slim Fit Shirt with Patch Pocket,"₹1,849",₹481
EYEBOGLER,Men Shirt with Spread Collar,"₹1,299",₹377
NA,NA,NA,NA
THE BEAR HOUSE,Men Checked Slim Fit Shirt,"₹2,599","₹1,118"
British Club,Men Checked Slim Fit Shirt with Patch Pocket,"₹2,195",₹702
H&M,Men Slim Fit Easy-Iron Shirt,NA,"₹1,499"
The Indian Garage Co,Checked Shirt with Patch Pocket,"₹2,149",₹602
DNMX FOR TRENDS SELECT,Men Printed Relaxed Fit Shirt,₹699,₹496
DNMX,Men Checked Regular Fit Shirt with Patch Pocket,₹699,₹496
The Indian Garage Co,Spread Collar Shirt with Logo Patch Pocket,"₹1,749",₹525
EYEBOGLER,Men Checked Regular Fit Shirt,"₹1,299",₹390
THE BEAR HOUSE,Men Floral Printed Slim Fit Shirt,"₹1,995",₹698
NA,NA,NA,NA
EYEBOGLER,Men Shirt with Spread Collar,"₹1,299",₹377
NETPLAY,Men Core Oxford Slim Fit Shirt with Patch Pocket,NA,₹699
Andamen,Button-Down Collar Shirt with Curved Hem,"₹2,990","₹2,392"
DENNISLINGO PREMIUM ATTIRE,Spread Collar Slim Fit Shirt,"₹2,299",₹483
Allen Cooper,Men Slim Fit Shirt with Patch Pocket,"₹2,999",₹870
The Indian Garage Co,Spread Collar Shirt with Logo Patch Pocket,"₹1,749",₹402
NETPLAY,Men Smart Fit Shirt with Patch Pocket,NA,₹799
The Indian Garage Co,Men Checked Slim Fit Shirt with Patch Pocket,"₹1,749",₹455
DENNISLINGO PREMIUM ATTIRE,Full Sleeves Slim Fit Shirt,"₹1,849",₹499
NA,NA,NA,NA
The Indian Garage Co,Checked Shirt with Patch Pocket,"₹1,749",₹525
The Indian Garage Co,Men Checked Slim Fit Shirt with Patch Pocket,"₹1,749",₹455
The Indian Garage Co,Shirt with Patch Pocket,"₹2,049",₹533
MORLY,Men Abstract Print Regular Fit Shirt,₹999,₹390
H&M,Men Regular Fit Textured-Weave Resort Shirt,NA,"₹1,499"
British Club,Men Checked Slim Fit Cotton Shirt,"₹1,899",₹817
NETPLAY,Men Checked Regular Fit Shirt,NA,₹499
British Club,Men Windowpane Twill Checked Slim Fit Shirt,"₹1,995",₹678
Lonexo,Men Logo Print Regular Fit Shirt with Flap Pockets,₹999,₹450
NA,NA,NA,NA
THE BEAR HOUSE,Men Checked Relaxed Fit Cotton Shirt,"₹2,799","₹1,344"
MISCHIEF MONKEY,Full-Sleeve Casual Shirt,"₹4,999",₹799
DENNISLINGO PREMIUM ATTIRE,Full Sleeves Slim Fit Shirt,"₹1,849",₹481
Campus Sutra,Checked Shirt with Patch Pocket,"₹1,599",₹592
British Club,Men Checked Slim Fit Cotton Shirt,"₹1,899",₹760
Ketch,Man Stripes Slim Fit Shirt,"₹1,899",₹475
Urban Buccachi,Men Regular Fit Band Collar Shirt,"₹1,399",₹350
VASALI,Men Floral Regular Fit Shirt,₹999,₹410
The Indian Garage Co,Checked Shirt with Patch Pocket,"₹1,749",₹525
NA,NA,NA,NA
NETPLAY,Men Striped Slim Fit Shirt,NA,₹499
WUXI,Men Loose Fit Band-Collar Shirt with Drop-Shoulder Sleeves,"₹2,399",₹312
The Indian Garage Co,Spread Collar Shirt with Patch Pocket,"₹1,749",₹455
U.S. Polo Assn.,Men Regular Fit Shirt with Logo Print,NA,"₹2,199"
DENNISLINGO PREMIUM ATTIRE,Slim Fit Shirt with Patch Pocket,"₹1,849",₹647
Andamen,Striped Button-Down Collar Shirt,"₹5,590","₹4,472"
DENNISLINGO PREMIUM ATTIRE,Checked Slim Fit Shirt with Patch Pocket,"₹2,799",₹784
Urban Buccachi,Regular Fit Shirt,"₹1,399",₹350
British Club,Floral Print Slim Shirt with Patch Pocket,"₹1,945",₹331
NA,NA,NA,NA
EYEBOGLER,Men Checked Regular Fit Shirt,"₹1,299",₹390
The Indian Garage Co,Checked Shirt with Patch Pocket,"₹1,749",₹525
The Indian Garage Co,Men Checked Slim Fit Shirt with Patch Pocket,"₹1,749",₹402
Vastrado,Men Slim Fit Striped Casual Shirt,"₹1,649",₹742
NETPLAY,Men Cotton Slim Fit Shirt with Patch Pocket,NA,₹699
KHUSHI CREATION,Men Regular Fit Shirt,₹698,₹300
PETER ENGLAND,Men Patterned Regular Fit Shirt with Patch Pocket,"₹1,399",₹741
Urban Buccachi,Men Regular Fit Shirt,"₹1,799",₹429
The Indian Garage Co,Men Checked Slim Fit Shirt with Patch Pocket,"₹2,049",₹533
Jack & Jones,Men Slim Fit Shirt with Flap Pockets,"₹3,299","₹1,155"
NETPLAY,Men Striped Regular Fit Cotton Shirt,NA,₹699
Urban Buccachi,Men Regular Fit Solid Casual Shirt,"₹1,399",₹350
H&M,Men Regular Fit Shirt,NA,"₹1,499"
Indo_primo,Men Checked Regular Fit Shirt,₹999,₹249
British Club,Men Checked Slim Fit Shirt with Patch Pocket,"₹2,099",₹714
NETPLAY FOR TRENDS SELECT,Men Striped Regular Fit Shirt,₹599,₹425
The Indian Garage Co,Men Checked Slim Fit Shirt with Patch Pocket,"₹1,749",₹455
NETPLAY,Men Core Oxford Slim Fit Shirt with Patch Pocket,NA,₹699
ARMANI EXCHANGE,Waffle Regular Fit Cotton Shirt,"₹12,999","₹6,500"
PETER ENGLAND CASUALS,Men Checked Slim Fit Cotton Shirt,"₹1,599",₹768
LEVIS,Men Slim Fit Shirt with Patch Pocket,"₹2,499",₹975
British Club,Men Checked Slim Fit Shirt,"₹2,195",₹746
The Indian Garage Co,Men Printed Slim Fit Shirt,"₹1,749",₹472
British Club,Windowpane Checks Slim Fit 60'S Giza Cotton Shirt,"₹2,649",₹848
THE BEAR HOUSE,Striped Shirt with Patch Pocket,"₹2,495",₹923
British Club,Men Checked Slim Fit Shirt with Patch Pocket,"₹2,045",₹736
ARMANI EXCHANGE,Men All-Over Brand Print Regular Fit Shirt,"₹10,999","₹5,500"
NETPLAY,Men Striped Regular Fit Cotton Shirt,NA,₹699
SNITCH,Button-Down Shirt with Full Sleeves,"₹2,398","₹1,099"
H&M,Men Regular Fit Shirt,NA,"₹1,499"
KHUSHI CREATION,Men Regular Fit Shirt,₹698,₹300
H&M,Men Regular Fit Shirt,NA,"₹1,499"
H&M,Men Regular Fit Shirt,NA,"₹1,499"
WUXI,Cuban Collar Shirt with Short Sleeves,"₹2,399",₹312
The Indian Garage Co,Checked Shirt with Patch Pocket,"₹1,749",₹525
SNITCH,Classic Shirt with Button-Down Collar,₹899,₹499
RED TAPE,Men Shirt with Button Down Collar,"₹3,799",₹570
British Club,Men Checked Slim Fit Shirt with Patch Pocket,"₹2,199",₹748
LOUIS PHILIPPE,Men Slim Fit Shirt,"₹2,499","₹1,474"
British Club,Men Checked Slim Fit Shirt,"₹1,995",₹758
British Club,Men Ombre-Dyed Slim Fit Shirt,"₹1,899",₹760
NETPLAY,Men Slim Fit Shirt,NA,₹699
NETPLAY FOR TRENDS SELECT,Men Striped Regular Fit Shirt,₹699,₹496
Jankit Designer,Men Leaf Print Regular Fit Shirt with Lapel Collar,"₹1,999",₹500
U.S. Polo Assn.,Men Printed Regular Fit Shirt,"₹2,299","₹1,127"
U.S. Polo Assn.,Men Striped Regular Fit Shirt,NA,"₹2,899"
British Club,Leaf Print Slim Shirt with Patch Pocket,"₹1,895",₹701
EYEBOGLER,Men Regular Fit Shirt,"₹1,299",₹377
Jankit Designer,Men Checked Regular Fit Shirt,"₹1,999",₹500
The Indian Garage Co,Checked Shirt with Patch Pocket,"₹2,149",₹537
WUXI,Cuban Collar Shirt with Short Sleeves,"₹2,399",₹312
THE BEAR HOUSE,Men Striped Slim Fit Shirt with Patch Pocket,"₹2,495",₹923
U.S. Polo Assn.,Men Birdeye Slim Fit Shirt with Patch Pocket,"₹2,299","₹1,127"
NETPLAY FOR TRENDS SELECT,Men Striped Regular Fit Shirt,₹899,₹638
H&M,Men Regular Fit Shirt,NA,"₹1,499"
BANANA CLUB,Men Regular Fit Shirt with Button-Down Collar,"₹1,049",₹797
SPYKAR,Men Regular Slim Fit Shirt with Patch Pocket,"₹2,999","₹1,709"
THE BEAR HOUSE,Men Checked Slim Fit Shirt with Patch Pocket,"₹2,495",₹873
The Indian Garage Co,Striped Shirt with Patch Pocket,"₹2,099",₹693
NETPLAY,Men NP35 Checked Slim Fit Cotton Shirt with Patch Pocket,₹799,₹567
The Indian Garage Co,Checked Shirt with Patch Pocket,"₹1,749",₹525
HK FASHION,Men Self-design Regular Fit Shirt,₹999,₹299
JOHN PLAYERS SELECT,Men Floral Print Slim Fit Shirt,"₹1,049",₹745
British Club,Men Gingham Checked Slim Fit Shirt,"₹2,045",₹736
The Indian Garage Co,Striped Shirt with Patch Pocket,"₹2,149",₹645
British Club,Leaf Print Slim Shirt with Patch Pocket,"₹1,895",₹682
British Club,Men Checked Regular Fit Shirt,"₹2,495",₹749
MORLY,Men Geometric Regular Fit Shirt,₹999,₹390
The Indian Garage Co,Checked Shirt with Patch Pocket,"₹1,749",₹525
LEVIS,Men Checked Slim Fit Shirt with Patch Pocket,"₹2,699","₹1,080"
U.S. Polo Assn.,Men Tailored Fit Shirt,"₹2,499","₹1,125"
KHUSHI CREATION,Men Shirt with Spread Collar,₹598,₹257
U.S. Polo Assn.,Men Floral Print Slim Fit Shirt,"₹2,299",₹943
THE BEAR HOUSE,Men Checked Slim Fit Shirt with Patch Pocket,"₹2,495",₹873
ARMANI EXCHANGE,Classic Cotton Twill Shirt,"₹10,999","₹5,500"
MISCHIEF MONKEY,Men Tailored Fit Striped Shirt,"₹4,999",₹799
ALLEN SOLLY,Checked Slim Fit Shirt with Patch Pocket,"₹1,499","₹1,049"
British Club,Men Checked Slim Fit Shirt with Patch Pocket,"₹2,199",₹704
The Indian Garage Co,Checked Spread Collar Shirt,"₹2,199",₹594
NETPLAY FOR TRENDS SELECT,Men Printed Regular Fit Shirt,₹699,₹496
Andamen,Men Regular Fit Shirt,NA,"₹3,990"
Urban Buccachi,Men Solid Regular Shirt,"₹1,299",₹351
The Indian Garage Co,Checked Shirt with Patch Pocket,"₹2,149",₹645
IKON FASHION,Men Regular Fit Shirt with Spread Collar,₹598,₹299
The Indian Garage Co,Checked Cutaway-Collar Shirt,"₹2,199",₹550
RED TAPE,Men Shirt with Button Down Collar,"₹3,799",₹570
Urban Buccachi,Men Regular Fit Shirt,"₹1,799",₹429
DNMX FOR TRENDS SELECT,Men Checked Relaxed Fit Shirt,₹699,₹496
Tyzlo,Men Regular Fit Shirt with Patch Pocket,"₹2,199",₹462
NETPLAY,Men Slim Fit Shirt with Band Collar,₹699,₹496
MORLY,Men Boxy Fit Shirt with Spread-Collar,"₹1,499",₹480
SUPERDRY,Men Premium Stretch Long-Sleeve Shirt,"₹3,999","₹1,880"
NETPLAY FOR TRENDS SELECT,Men Floral Print Slim Fit Shirt,₹799,₹567
LOUIS PHILIPPE,Men Micro Print Slim Fit Cotton Shirt,"₹2,199","₹1,407"
NETPLAY,Men Slim Fit Shirt,NA,₹699
U.S. Polo Assn.,Men Regular Fit Shirt,"₹2,299","₹1,127"
U.S. Polo Assn.,Men Slim Fit Shirt,"₹2,199","₹1,012"
U.S. Polo Assn.,Men Checked Tailored Fit Shirt,"₹2,499","₹1,025"
SPYKAR,Men Slim Fit Shirt with Flap Pockets,"₹2,999","₹1,260"
H&M,Men Slim Fit Easy-Iron Shirt,NA,"₹1,499"
British Club,Windowpane Checks Slim Fit 60'S Giza Cotton Shirt,"₹2,999",₹810
Buda Jeans Co,Men Checked Slim Fit Cotton Shirt with Patch Pocket,"₹1,799",₹738
ARMANI EXCHANGE,Slim Fit Cotton Shirt with Embroidered Logo,"₹9,999","₹5,000"
KHUSHI CREATION,Men Shirt with Spread Collar,₹598,₹257
U.S. Polo Assn.,Men Tailored Fit Shirt,"₹2,499","₹1,225"
NETPLAY FOR TRENDS SELECT,Men Striped Slim Fit Shirt,₹799,₹567
U.S. Polo Assn.,Men Plaid Check Tailored Fit Shirt,"₹2,499",₹775
The Indian Garage Co,Men Checked Slim Fit Shirt with Patch Pocket,"₹1,749",₹507
British Club,Ombre-Dyed Slim Fit Shirt,"₹1,899",₹722
GAP,Men Short Sleeve Spread Collar Linen Check Shirt,"₹2,799","₹1,679"
The Indian Garage Co,Men Striped Slim Fit Shirt with Patch Pocket,"₹1,749",₹437
Linza,Men Regular Fit Cutaway-Collar Shirt,"₹1,699",₹595
DENNISLINGO PREMIUM ATTIRE,Men Regular Fit Shirt with Mandarin Collar,"₹3,099",₹868
KHUSHI CREATION,Men Regular Fit Shirt with Mandarin Collar,₹792,₹341
Urban Buccachi,Men Regular Fit Shirt with Spread Collar,"₹1,799",₹429
Jankit Designer,Men Floral Regular Fit Shirt,"₹1,999",₹500
Arrow Sports,Men Striped Slim Fit Shirt,"₹2,299","₹1,218"
DNMX,Men Checked Regular Fit Shirt,₹699,₹496
NETPLAY,Men Slim Fit Shirt,NA,₹699
SNITCH,Men Paisley Slim Fit Shirt,"₹1,798",₹899
SNITCH,Men Spread Collar Shirt,NA,"₹1,199"
U.S. Polo Assn.,Men Slim Fit Shirt with Patch Pocket,"₹2,299","₹1,127"
Jack & Jones,Men Striped Slim Fit Shirt,"₹3,299","₹1,419"
Hardsoda,Men Checked Regular Fit with Patch Pocket,"₹2,249",₹652
SNITCH,Men Slim Fit Spread-Collar Shirt,"₹2,598","₹1,299"
TOMMY HILFIGER,Men Regular Fit Shirt with Logo Embroidery,"₹4,999","₹2,899"
THE BEAR HOUSE,Checks Slim Fit Shirt,"₹2,599",₹780
Choiceit,Men Regular Fit Shirt,"₹2,330",₹583
RED TAPE,Men Checked Regular Fit Shirt,"₹3,299",₹627
DNMX,Men Checked Regular Fit Shirt with Patch Pocket,₹799,₹567
JAINISH,Checked Shirt with Spread Collar,"₹1,699",₹612
The Indian Garage Co,Spread Collar Shirt with Patch Pocket,"₹1,749",₹560
Jack & Jones,Slim Fit Shirt with Buttoned Flap Pockets,"₹3,299","₹1,155"
The Indian Garage Co,Men Slim Fit Shirt,"₹1,749",₹525
GAP,Brannan Bear Embroided Shirt with Button Down Collar,"₹2,499","₹1,499"
ARROW,Men Houndstooth Print Slim Fit Cotton Shirt,"₹2,299","₹1,310"
The Indian Garage Co,Men Slim Fit Shirt with Spread Collar,"₹1,949",₹507
GRANDSTITCH,Men Light Washed Regular Fit Denim Shirt,"₹1,999",₹500
SNITCH,Men Checked Slim Fit Shirt with Button-Down Collar,NA,"₹1,199"
ARMANI EXCHANGE,Men All-Over Brand Print Regular Fit Shirt,"₹10,999","₹5,500"
ARMANI EXCHANGE,Men Striped Slim Fit Cotton Shirt,"₹11,999","₹6,000"
NETPLAY,Men Checked Slim Fit Shirt,NA,₹499
The Indian Garage Co,Men Floral Print Slim Fit Shirt,"₹1,749",₹472
U.S. Polo Assn.,Men Slim Fit Shirt,"₹2,299","₹1,609"
SUPERDRY,Vintage Checked Shirt,"₹4,999","₹2,350"
The Indian Garage Co,Checked Shirt with Patch Pocket,"₹1,749",₹525
British Club,Men Checked Regular Fit Shirt with Patch Pocket,"₹1,995",₹718
Urban Buccachi,Man Stripes Regular Fit Shirt,"₹1,599",₹416
KHUSHI CREATION,Men Regular Fit Shirt with Spread Collar,"₹1,996",₹399
Buda Jeans Co,Men Regular Fit Denim Shirt,"₹1,499","₹1,349"
U.S. Polo Assn.,Men Checked Tailored Fit Shirt,"₹2,499",₹875
SNITCH,Slim Fit Shirt with Band Collar,"₹1,798",₹899
U.S. Polo Assn.,Men Oxford Striped Slim Fit Shirt with Patch Pocket,"₹2,699","₹1,161"
Andamen,Full-Sleeves Shirt with Button-Down Collar,"₹4,990","₹3,992"
Urban Buccachi,Men Regular Fit Shirt,"₹1,799",₹429
The Indian Garage Co,Men Cotton Slim Fit Shirt with Patch Pocket,"₹1,749",₹472
British Club,Men Checked Slim Fit Shirt with Patch Pocket,"₹2,095",₹775
SUPERDRY,London Checked Regular Fit Shirt,"₹5,999","₹2,340"
Urban Buccachi,Men Relaxed Fit Shirt with Button Closure,₹999,₹350
Vooter,Men Floral Print Regular Fit Shirt,"₹1,999",₹420
British Club,Men Ombre-Dyed Slim Fit Shirt,"₹1,899",₹760
U.S. Polo Assn.,Men Tailored Fit Cotton Shirt,"₹2,299","₹1,195"
British Club,Men Checked Slim Fit Shirt with Patch Pocket,"₹2,195",₹724
NETPLAY FOR TRENDS SELECT,Men Slim Fit Shirt,₹799,₹567
British Club,Men Windowpane Twill Checked Slim Fit Shirt,"₹2,095",₹754
The Indian Garage Co,Checked Slim Fit Shirt with Button-Down Collar,"₹1,749",₹525
H&M,Men Regular Fit Corduroy Shirt,NA,"₹1,999"
SNITCH,Slim Fit Shirt with Mandarin Collar,"₹1,998",₹999
U.S. Polo Assn.,Men Floral Print Tailored Fit Shirt,"₹2,499","₹1,299"
Deaim,Men Printed Regular Fit Shirt,"₹1,998",₹500
The Indian Garage Co,Men Striped Slim Fit Shirt with Patch Pocket,"₹1,749",₹560
U.S. Polo Assn.,Men Micro Print Slim Fit Shirt with Patch Pocket,"₹2,299",₹989
The Indian Garage Co,Checked Shirt with Patch Pocket,"₹1,749",₹525
RED TAPE,Men Shirt with Button Down Collar,"₹3,799",₹570
Vastrado,Men Slim Fit Shirt,"₹1,749",₹787
GAP,Men Full-Sleeve Denim Shirt with Flap Pockets,"₹3,499","₹2,099"
LEVIS,Men Checked Slim Fit Shirt with Patch Pocket,"₹2,699",₹945
THE BEAR HOUSE,Men Textured Slim Fit Shirt with Patch Pocket,"₹2,495",₹749
THE BEAR HOUSE,Button-Down Collar Shirt with Patch Pocket,"₹2,495",₹923
The Indian Garage Co,Checked Shirt with Patch Pocket,"₹1,749",₹490
ASOS DESIGN,Typographic Print Boxy Relaxed Revere Shirt,"₹3,499","₹2,449"
The Indian Garage Co,Regular Fit Shirt with Double Flap Pockets,"₹2,049",₹553
The Indian Garage Co,Striped Shirt with Patch Pocket,"₹2,099",₹630
BROOKS BROTHERS,Regular Fitted End On End Friday Sports Shirt,"₹10,000","₹4,200"
DENNISLINGO PREMIUM ATTIRE,Slim Fit Shirt with Patch Pocket,"₹1,849",₹647
SNITCH,Men Spread Collar Shirt,NA,"₹1,199"
U.S. Polo Assn.,Men Checked Tailored Fit Shirt,"₹2,299","₹1,195"
KHUSHI CREATION,Men Regular Fit Shirt with Spread-Collar,"₹1,998",₹400
U.S. Polo Assn.,Men Striped Tailored Fit Shirt,"₹2,999","₹2,099"
MISCHIEF MONKEY,Men Tailored Fit Shirt with Spread Collar,"₹4,999",₹699
Andamen,Slim Fit Shirt with Button-Down Collar,"₹2,990","₹2,392"
U.S. Polo Assn.,Men Checked Tailored Fit Shirt,"₹2,499",₹925
The Indian Garage Co,Men Striped Slim Fit Shirt with Patch Pocket,"₹1,749",₹420
ARROW,Men Self-Design Slim Fit Shirt,"₹2,499","₹1,674"
Campus Sutra,Men Oversized Checked Casual Shirt,"₹1,999",₹760
U.S. Polo Assn.,Men Checked Regular Fit Shirt with Patch Pocket,"₹2,699","₹1,889"
MISCHIEF MONKEY,Men Tailored Fit Striped Shirt,"₹4,999",₹799
H&M,Men Loose Fit Shirt,NA,"₹1,499"
U.S. Polo Assn.,Men Checked Slim Fit Shirt with Patch Pocket,"₹2,499",₹775
Buda Jeans Co,Men Relaxed Fit Denim Shirt with Flap Pockets,"₹1,599",₹656
SNITCH,Men Slim Fit Button-Down Shirt,"₹3,398","₹1,699"
MORLY,Men Boxy Fit Shirt,"₹1,499",₹480
MISCHIEF MONKEY,Men Tailored Fit Shirt with Spread Collar,"₹4,999",₹699
THE BEAR HOUSE,Checks Slim Fit Shirt,"₹2,495",₹749
U.S. Polo Assn.,Men Shirt with Spread Collar,"₹2,699","₹2,294"
Arrow Sports,Men Checked Slim Fit Cotton Shirt,"₹2,399",₹720
WUXI,Men Striped Regular Fit Shirt,"₹2,399",₹288
Bene Kleed,Men Loose Fit Shirt,"₹3,299",₹825
Flocculent,Men Shirt with Spread Collar,"₹1,999",₹500
SNITCH,Clyster Relaxed Fit Overshirt with Flap Pockets,"₹1,998",₹999
KHUSHI CREATION,Men Shirt with Spread Collar,₹598,₹257
U.S. Polo Assn.,Men Tailored Fit Shirt,"₹2,299","₹1,127"
NETPLAY,Men Checked Regular Fit Shirt,NA,₹799
SNITCH,Madrigo Relaxed Fit Shirt with Spread Collar,"₹2,598","₹1,299"
British Club,Men Printed Slim Fit Shirt with Patch Pocket,"₹1,895",₹663
NETPLAY,Men Crinkled Smart Fit Shirt with Patch Pocket,₹699,₹496
SNITCH,Men Slim Fit Shirt with Mandarin Collar,"₹1,998",₹999
ARROW,Men Striped Slim Fit Shirt with Patch Pocket,"₹2,499",₹825
The Indian Garage Co,Checked Shirt with Patch Pocket,"₹2,149",₹645
U.S. Polo Assn.,Men Filafil Slim Fit Shirt with Patch Pocket,"₹2,299","₹1,081"
The Indian Garage Co,Men Checked Slim Fit Shirt with Patch Pocket,"₹1,749",₹455
NETPLAY,Men Checked Slim Fit Shirt,₹799,₹567
THE BEAR HOUSE,Men Checked Slim Fit Shirt with Patch Pocket,"₹2,599","₹1,248"
Relicx outlanders,Men Regular Fit Spread-Collar Shirt,"₹1,299",₹351
ARMANI EXCHANGE,Men Striped Slim Fit Cotton Shirt,"₹11,999","₹6,000"
British Club,Windowpane Checks Slim Fit 60'S Giza Cotton Shirt,"₹2,999",₹810
THE BEAR HOUSE,Men Checked Slim Fit Shirt,"₹2,495",₹873
The Indian Garage Co,Men Checked Slim Fit Shirt with Patch Pocket,"₹1,749",₹402
The Indian Garage Co,Men Checked Slim Fit Shirt with Patch Pocket,"₹1,749",₹402
THE BEAR HOUSE,Men Slim Fit Shirt with Patch Pocket,"₹2,599","₹1,429"
MORLY,Men Boxy Fit Shirt,"₹1,499",₹480
RED TAPE,Men Shirt with Button Down Collar,"₹3,799",₹570
U.S. Polo Assn.,Men Plaid Check Tailored Fit Shirt,"₹2,499",₹775
SUPERDRY,Premium Stretch Conceal Long-Sleeve Shirt,"₹3,999","₹1,880"
U.S. Polo Assn.,Men Checked Tailored Fit Shirt,"₹2,499",₹875
ARMANI EXCHANGE,Men Eagle Regular Fit Cotton Shirt,"₹11,999","₹6,000"
Flocculent,Men Shirt with Spread Collar,"₹1,999",₹500
IKON FASHION,Men Spread Collar Shirt,₹598,₹299
U.S. Polo Assn.,Men Oxford Checked Slim Fit Shirt with Patch Pocket,"₹2,499","₹1,175"
KHUSHI CREATION,Men Shirt with Spread Collar,₹598,₹299
The Indian Garage Co,Spread Collar Shirt with Logo Patch Pocket,"₹1,749",₹490
The Indian Garage Co,Checked Shirt with Patch Pocket,"₹1,749",₹507
RED TAPE,Men Shirt with Button Down Collar,"₹3,799",₹570
IKON FASHION,Men Slim Fit Shirt with Spread Collar,₹598,₹299
KHUSHI CREATION,Men Regular Fit Shirt,₹698,₹300
U.S. Polo Assn.,Men Striped Slim Fit Shirt,"₹2,499","₹1,050"
U.S. Polo Assn.,Men Tropical Print Slim Fit Shirt with Patch Pocket,"₹2,199","₹1,078"
NETPLAY FOR TRENDS SELECT,Men Striped Regular Fit Shirt,₹599,₹425
NETPLAY,Men Smart Fit Shirt with Patch Pocket,NA,₹799
The Indian Garage Co,Checked Shirt with Patch Pocket,"₹1,749",₹525
NETPLAY,Men Slim Fit Shirt with Band Collar,₹699,₹496
THE BEAR HOUSE,Men Striped Slim Fit Shirt with Patch Pocket,"₹2,495",₹749
Campus Sutra,Men Graphic Regular Fit Shirt,"₹1,899",₹741
British Club,Men Checked Slim Fit Shirt,"₹2,195",₹746
NETPLAY FOR TRENDS SELECT,Men Woven Slim Fit Shirt,₹699,₹496
U.S. Polo Assn.,Men Oxford Slim Fit Shirt with Patch Pocket,"₹2,499","₹1,274"
Voroxy X AG,Men Striped Regular Fit Shirt,"₹1,999",₹300
SUPERDRY,Studios Casual Linen Long-Sleeve Shirt,"₹6,999","₹3,290"
SNITCH,Men Slim Fit Shirt with Short Sleeves,"₹1,998",₹999
SNITCH,Tropical Print Spread-Collar Shirt,NA,₹799
Andamen,Cotton Shirt with Button-Down Collar,"₹4,590","₹3,672"
NETPLAY,Men Floral Woven Slim Fit Shirt,₹799,₹567
Vooter,Men Printed Regular Fit Shirt with Patch Pocket,"₹1,999",₹320
MUFTI,Men Slim Fit Cotton Shirt with Patch Pocket,"₹2,899","₹1,102"
ARMANI EXCHANGE,Men Regular Fit Cotton Shirt,NA,"₹12,999"
DENNISLINGO PREMIUM ATTIRE,Full Sleeves Slim Fit Shirt,"₹1,849",₹666
Campus Sutra,Men Floral Print Regular Fit Shirt with Spread Collar,"₹1,899",₹608
SNITCH,Men Shirt with Button-down Collar,NA,"₹1,299"
H&M,Men Regular Fit Shirt,NA,"₹2,699"
U.S. Polo Assn.,Men Checked Tailored Fit Shirt,"₹2,699","₹1,403"
U.S. Polo Assn.,Men Tailored Fit Shirt,"₹2,499","₹1,225"
Andamen,Button-Down Collar Shirt with Curved Hem,"₹2,990","₹2,392"
EYEBOGLER,Men Regular Fit Shirt,"₹1,299",₹429
The Indian Garage Co,Men Checked Slim Fit Shirt with Patch Pocket,"₹1,749",₹420
LOUIS PHILIPPE,Men Slim Fit Shirt,"₹2,299","₹1,356"
RED TAPE,Full-Sleeves Shirt with Band-Collar,"₹4,299",₹817
LOUIS PHILIPPE,Men Checks Slim Fit Shirt,"₹2,799","₹1,791"
U.S. Polo Assn.,Checked Shirt with Spread Collar,"₹2,699",₹756
U.S. Polo Assn.,Men Tropical Print Slim Fit Shirt with Patch Pocket,"₹2,199","₹1,121"
Urban Buccachi,Men Regular Fit Shirt with Spread Collar,"₹1,799",₹429
Vastrado,Men Self-design Slim Fit Shirt,"₹1,749",₹787
The Indian Garage Co,Men Checked Slim Fit Shirt with Patch Pocket,"₹1,749",₹455
KHUSHI CREATION,Men Regular Fit Shirt,₹698,₹300
Urban Buccachi,Regular Fit Shirt,"₹1,399",₹350
GAP,Yoke Denim Button-Down Shirt,"₹3,499","₹2,099"
DENNISLINGO PREMIUM ATTIRE,Checked Spread-Collar Shirt,"₹2,799",₹896
Urban Buccachi,Men Regular Fit Band Collar Shirt,"₹1,399",₹350
MISCHIEF MONKEY,Men Tailored Fit Striped Shirt,"₹4,999",₹799
The Indian Garage Co,Colourblock Shirt with Cut-Away Collar,"₹2,099",₹651
ASOS DESIGN,Boxy Oversized Oxford Shirt,"₹2,299","₹1,609"
Jack & Jones,Men Slim Fit Shirt with Spread Collar,"₹3,299","₹1,353"
SUPERDRY,Seersucker Gingham Check Relaxed Fit Shirt,"₹4,999","₹2,350"
The Indian Garage Co,Men Checked Slim Fit Shirt with Patch Pocket,"₹1,749",₹402
RED TAPE,Logo Embroidered Spread-Collar Shirt,"₹3,999",₹760
American Eagle,Men Checked Full-Length Collar Shirt,"₹2,999","₹2,069"
Alakhdhani Creation,Men Shirt with Band Collar,"₹1,699",₹340
Buda Jeans Co,Men Regular Fit Shirt with Patch Pocket,"₹1,599",₹927
U.S. Polo Assn.,Men Regular Fit Shirt,"₹2,299","₹1,081"
Bombay Begum,Crochet Regular Fit Shirt,"₹1,999",₹620
Alakhdhani Creation,Men Applique Slim Fit Shirt,"₹1,699",₹340
U.S. Polo Assn.,Cut-Away Collar Patched-Pocket Shirt,"₹2,299","₹1,609"
The Indian Garage Co,Men Checked Slim Fit Shirt with Patch Pocket,"₹2,049",₹451
The Indian Garage Co,Checked Shirt with Logo Patch Pocket,"₹1,749",₹525
LOUIS PHILIPPE,Men Checks Slim Fit Shirt,"₹2,799","₹1,791"
Allen Cooper,Spread Collar Shirt with Patch Pocket,"₹2,999",₹870
Tistabene,Chevron Print Shirt with Spread Collar,"₹1,799",₹360
H&M,Men Regular Fit Shirt,NA,"₹2,299"
DNMX,Men Striped Regular Fit Shirt,₹599,₹425
SiliSoul,Men Checked Regular Fit Shirt with Patch Pocket,"₹3,499","₹1,400"
The Indian Garage Co,Shirt with Patch Pocket,"₹1,799",₹558
TOMMY HILFIGER,Men Striped Regular Fit Cotton Shirt,"₹4,599","₹3,679"
Instafab Plus,Men Relaxed Fit Shirt,"₹2,499",₹975
SIN,Men Plaid Check Slim Fit Shirt,"₹1,599",₹815
KHUSHI CREATION,Men Regular Fit Shirt with Patch Pocket,"₹1,996",₹399
KHUSHI CREATION,Men Regular Fit Shirt with Patch Pocket,"₹1,996",₹399
NETPLAY,Men Slim Fit Shirt with Band Collar,NA,₹699
DENNISLINGO PREMIUM ATTIRE,Men Checked Slim Fit Cotton Shirt,"₹2,899",₹841
MISCHIEF MONKEY,Men Tailored Fit Shirt,"₹4,999",₹699
XTJ,Men Slim Fit Shirt,₹799,₹384
The Indian Garage Co,Men Slim Fit Checked Shirt with Patch Pocket,"₹1,749",₹472
POIPET,Men Geometric Regular Fit Shirt with Collar Neck,"₹1,999",₹580
British Club,Men Checked Slim Fit Shirt with Patch Pocket,"₹1,999",₹680
The Indian Garage Co,Men Checked Slim Fit Shirt with Patch Pocket,"₹1,749",₹472
SOLSTICE,Men Regular Fit Shirt,₹999,₹499
Lee Cooper,Men Regular Fit Shirt,"₹2,499","₹1,774"
SPYKAR,Men Slim Fit Shirt with Flap Pockets,"₹2,999","₹1,140"
The Indian Garage Co,Men Checked Slim Fit Shirt with Patch Pocket,"₹1,749",₹525
SNITCH,Spread Collared Slim Fit Shirt,"₹2,598","₹1,299"
U.S. Polo Assn.,Men Floral Print Tailored Fit Shirt,"₹2,299","₹1,012"
KHUSHI CREATION,Men Regular Fit Shirt with Patch Pocket,"₹1,996",₹399
EYEBOGLER,Men Regular Fit Shirt,"₹1,299",₹377
UNITED COLORS OF BENETTON,Men Slim Fit Shirt with Spread Collar,NA,"₹3,499"
NETPLAY FOR TRENDS SELECT,Men Striped Regular Fit Shirt,₹599,₹425
Hardsoda,Men Checked Regular Fit Shirt with Patch Pocket,"₹2,299",₹529
The Indian Garage Co,Men Checked Slim Fit Shirt with Patch Pocket,"₹2,049",₹430
SNITCH,Slim Fit Shirt with Mandarin Collar,"₹1,998",₹999
GAP,Brannan Bear Embroided Shirt with Button Down Collar,"₹2,499","₹1,499"
NETPLAY FOR TRENDS SELECT,Men Regular Fit Shirt with Mandarin Collar,₹699,₹496
Vastrado,Man Self-design Oversized Fit Shirt,"₹1,899",₹855
NETPLAY,Men Checked Slim Fit Shirt,NA,₹499
THE BEAR HOUSE,Men Slim Fit Shirt with Patch Pocket,"₹2,599","₹1,118"
The Indian Garage Co,Checked Shirt with Patch Pocket,"₹2,149",₹559
GAP,Checked Shirt with Patch Pocket,"₹2,799","₹1,400"
U.S. Polo Assn.,Men Checked Tailored Fit Shirt,"₹2,499",₹975
Buda Jeans Co,Men Regular Fit Cotton Shirt with Flap Pockets,"₹2,099",₹861
Buda Jeans Co,Men Regular Fit Shirt with Patch Pocket,"₹1,599",₹688
MORLY,Men Floral Regular Fit Shirt,₹999,₹390
INDIAN NEEDLE,Men Regular Fit Shirt with Flap Pockets,"₹2,299",₹874
LOUIS PHILIPPE,Men Slim Fit Shirt with Button-Down Collar,"₹2,199","₹1,429"
British Club,Men Checked Slim Fit Shirt with Patch Pocket,"₹2,199",₹748
ARROW,Men Striped Slim Fit Cotton Shirt with Patch Pocket,"₹2,399","₹1,367"
The Indian Garage Co,Checked Shirt with Patch Pocket,"₹1,749",₹420
ARMANI EXCHANGE,Classic Cotton Twill Shirt,"₹11,999","₹6,000"
GAP,Men Checked Slim Fit Shirt with Patch Pocket,"₹2,799","₹1,679"
Bullmer,Men Regular Fit Shirt,"₹1,999",₹540
NETPLAY,Men Striped Slim Fit Shirt,NA,₹799
GAP,Brannan Bear Embroided Shirt with Button Down Collar,"₹2,499","₹1,499"
BROOKS BROTHERS,Stretch Cotton Button-Down Sport Shirt,"₹14,000","₹7,000"
ARROW,Men Checked Slim Fit Shirt with Patch Pocket,"₹2,499",₹750
The Indian Garage Co,Men Checked Slim Fit Shirt with Patch Pocket,"₹2,049",₹451
The Indian Garage Co,Men Striped Slim Fit Shirt with Patch Pocket,"₹1,649",₹528
BROOKS BROTHERS,Slim Fit Linen Sports Shirt,"₹10,000","₹4,200"
Campus Sutra,Men Regular Fit Shirt with Spread Collar,"₹1,899",₹627
THE BEAR HOUSE,Men Checked Slim Fit Shirt with Patch Pocket,"₹2,599",₹910
SOLSTICE,Men Regular Fit Shirt,₹999,₹499
The Indian Garage Co,Spread Collar Shirt with Patch Pocket,"₹1,749",₹455
Ramraj Cotton,Tailored Fit Spread-Collar Shirt,NA,₹639
Campus Sutra,Men Regular Fit Spread Collar Shirt,"₹1,899",₹703
GESPO,Men Regular Fit Shirt with Spread Collar,"₹1,499",₹285
The Indian Garage Co,Men Checked Slim Fit Shirt,"₹1,749",₹525
The Indian Garage Co,Striped Shirt with Patch Pocket,"₹1,749",₹455
SNITCH,Men Shirt with Spread Collar,NA,"₹1,099"
ALLEN SOLLY,Men Striped Slim Fit Shirt,"₹1,899","₹1,329"
ASOS DESIGN,Ornate Print Relaxed Fit Revere Shirt,"₹3,499","₹2,449"
NETPLAY,Men Checked Slim Fit Cotton Shirt,₹899,₹638
KHUSHI CREATION,Men Regular Fit Shirt with Buttoned Flap-Pockets,"₹1,998",₹400
SNITCH,Men Striped Slim Fit Shirt with Spread Collar,"₹1,998",₹999
JOHN PLAYERS JEANS,Men Indigo Washed Checked Slim Fit Shirt,"₹1,999",₹600
NETPLAY,Men Smart Fit Shirt with Patch Pocket,NA,₹799
NETPLAY,Men Checked Slim Fit Shirt,NA,₹699
THE BEAR HOUSE,Checks Slim Fit Shirt,"₹2,495",₹749
Urban Buccachi,Men Regular Fit Shirt with Spread Collar,"₹1,799",₹429
Voroxy X AG,Men Striped Regular Fit Shirt,"₹1,999",₹280
Instafab Plus,Men Relaxed Fit Shirt,"₹2,499",₹975
THE BEAR HOUSE,Striped Slim Fit Shirt with Patch Pocket,"₹2,495",₹923
Campus Sutra,Men Stripes Regular Fit Shirt,"₹1,899",₹703
KRUMPER,Men Striped Regular Fit Shirt with Patch Pocket,₹799,₹320
NETPLAY,Men Leaf Print Regular Fit Cotton Shirt,NA,₹799
Jankit Designer,Men Regular Fit Shirt,"₹1,999",₹500
THE BEAR HOUSE,Men Relaxed Fit Shirt,"₹3,399","₹1,462"
DNMX,Men Regular Fit Shirt with Welt Pocket,₹699,₹496
Bene Kleed,Floral Print Slim Fit Shirt,"₹2,099",₹420
ARMANI EXCHANGE,Logo Embroidered Regular Fit Shirt,"₹11,999","₹6,000"
La Martina,Embroidered Logo Tailored Fit Shirt,"₹2,999","₹1,799"
JOVEN,Men Checked Regular Fit Shirt,"₹1,499",₹495
Campus Sutra,Men Checked Regular Fit Shirt with Patch Pocket,"₹1,899",₹703
SIN,Men Typographic Print Slim Fit Shirt,"₹1,699","₹1,070"
The Indian Garage Co,Men Striped Hooded Slim Fit Shirt,"₹1,749",₹385
NETPLAY,Men Core Oxford Slim Fit Shirt with Patch Pocket,NA,₹699
GAP,Striped Button-Down Oxford Shirt with Full Sleeves,"₹2,999","₹1,799"
RED TAPE,Men Shirt with Button Down Collar,"₹4,499",₹675
U.S. Polo Assn.,Men Floral Print Tailored Fit Shirt,"₹2,499","₹1,299"
The Indian Garage Co,Printed Shirt with Patch Pocket,"₹2,199",₹660
The Indian Garage Co,Men Striped Slim Fit Cotton Shirt,"₹1,749",₹455
DENNISLINGO PREMIUM ATTIRE,Slim Fit Shirt with Patch Pocket,"₹1,849",₹666
KHUSHI CREATION,Men Regular Fit Shirt with Spread-Collar,"₹1,998",₹400
ASOS DESIGN,Boxy Oversized Denim Shirt with Chest Embroidery,"₹3,499","₹2,449"
NETPLAY,Men Crinkled Smart Fit Shirt with Patch Pocket,₹699,₹496
Hardsoda,Men Striped Regular Fit Shirt with Patch Pocket,"₹2,199",₹506
British Club,Leaf Print Slim Shirt with Patch Pocket,"₹1,895",₹720
BREAKPOINT NXT,Men Checked Slim Fit Shirt with Patch Pocket,"₹1,299",₹390
SNITCH,Men Checked Slim Fit Shirt,"₹1,998",₹999
SUPERDRY,Long Sleeve Classic Oxford Shirt,"₹4,999","₹2,350"
LOUIS PHILIPPE,Men Extra Slim Fit Shirt,"₹2,499","₹1,724"
British Club,Men Checked Regular Fit Shirt,"₹2,095",₹754
Jankit Designer,Spread Collar Shirt with Short Sleeves,"₹1,999",₹500
BROOKS BROTHERS,Slim Fit Linen Sports Shirt,"₹12,000","₹5,040"
The Indian Garage Co,Checked Shirt with Patch Pocket,"₹2,049",₹656
The Indian Garage Co,Shirt with Patch Pocket,"₹1,749",₹455
The Indian Garage Co,Spread Collar Shirt with Patch Pocket,"₹1,749",₹525
H&M,Men Regular Fit Printed Resort Shirt,NA,"₹1,299"
GAP,Solid Oxford Shirt With Pinned Collar Detail,"₹2,799","₹1,400"
U.S. Polo Assn.,Men Checked Tailored Fit Shirt,"₹2,699","₹1,403"
MORLY,Men Floral Print Regular Fit Shirt,"₹1,499",₹435
RAMADHANI CLOTH,Men Shirt with Band Collar,"₹1,699",₹340
Urban Buccachi,Men Regular Fit Shirt,"₹1,299",₹351
The Indian Garage Co,Men Checked Slim Fit Shirt with Patch Pocket,"₹1,749",₹455
The Indian Garage Co,Men Checked Slim Fit Shirt,"₹1,749",₹385
Noble Monk,Men Hooded Shirt with Full Sleeves,"₹1,299",₹403
U.S. Polo Assn.,Men Checked Slim Fit Shirt with Patch Pocket,"₹2,699","₹1,269"
British Club,Men Checked Regular Fit Shirt with Patch Pocket,"₹1,995",₹878
MANIAC,Men Striped Oversized Shirt,"₹2,429",₹704
US POLO ASSN.,Men Patterned Slim Fit Shirt with Patch Pocket,"₹2,899","₹1,739"
The Indian Garage Co,Men Checked Slim Fit Shirt with Patch Pocket,"₹1,749",₹437
NETPLAY,Men Patterned Regular Fit Cotton Shirt,₹799,₹567
Noble Monk,Men Regular Fit Hooded Shirt with Patch Pocket,"₹1,299",₹403
GAP,Men Short Sleeve Resort Collar Linen Blend Shirt,"₹2,499","₹1,499"
WUXI,Cuban Collar Shirt with Short Sleeves,"₹2,399",₹336
SNITCH,Authentic Corduroy Slim Fit Shirt,"₹2,798","₹1,299"
U.S. Polo Assn.,Men Plaid Check Tailored Fit Shirt,"₹2,699",₹810
NETPLAY,Men Checked Slim Fit Cotton Shirt with Patch Pocket,₹799,₹567
DNMX,Men Checked Regular Fit Shirt with Patch Pocket,₹699,₹496
U.S. Polo Assn.,Men Checked Slim Fit Shirt,"₹2,499",₹875
KHUSHI CREATION,Men Regular Fit Shirt with Patch Pocket,"₹1,996",₹399
THE BEAR HOUSE,Men Striped Slim Fit Shirt with Patch Pocket,"₹1,995",₹778
NETPLAY,Men Embroidered Smart Fit Cotton Shirt,₹699,₹496
The Indian Garage Co,Twin Striped Shirt with Patch Pocket,"₹1,749",₹507
GAP,Men Striped Full Sleeve Poplin Shirt,NA,"₹2,799"
NETPLAY,Men Crinkled Smart Fit Shirt with Patch Pocket,₹699,₹496
Buda Jeans Co,Men Relaxed Fit Oxford Shirt,"₹1,599",₹688
Urban Buccachi,Men Regular Fit Shirt,"₹1,799",₹429
British Club,Men Checked Slim Fit Shirt,"₹2,295",₹367
SNITCH,Men Slim Fit Button-Down Shirt,NA,₹999
The Souled Store,Men Graphic Print Oversized Shirt with Spread Collar,NA,"₹1,999"
ASOS DESIGN,Regular Fit Denim Over Shirt with Chest Embroidery,"₹3,499","₹2,449"
SNITCH,Fausto Striped Slim Fit Shirt,"₹1,598",₹799
KHUSHI CREATION,Men Regular Fit Shirt,₹698,₹300
U.S. Polo Assn.,Men Checked Print Tailored Fit Shirt,"₹2,499","₹1,050"
MISCHIEF MONKEY,Men Tailored Fit Shirt with Spread-Collar,"₹4,999",₹699
Lee Cooper,Men Button-Down Collar Regular Fit Shirt,NA,"₹1,299"
GAP,Plaid Button-Down Oxford Shirt with Full Sleeves,"₹2,999","₹1,799"
U.S. Polo Assn.,Men Slim Fit Shirt with Patch Pocket,"₹2,499","₹1,225"
Hardsoda,Plus Size Men Light-Wash Denim Fit Shirt,"₹2,299",₹736
U.S. Polo Assn.,Men Oxford Slim Fit Shirt with Patch Pocket,"₹2,299","₹1,127"
ARMANI EXCHANGE,Slim Fit Shirt,"₹8,999","₹4,500"
The Indian Garage Co,Checked Shirt with Patch Pocket,"₹2,199",₹572
JAINISH,Checked Shirt with Spread Collar,"₹1,699",₹578
U.S. Polo Assn.,Men Geometric Print Tailored Fit Shirt,"₹2,499","₹1,749"
Marks & Spencer,Easy Iron Pure Cotton Oxford Shirt,"₹1,999","₹1,059"
Vaatko,Men Shirt with Spread Collar,₹999,₹370
U.S. Polo Assn.,Men Striped Slim Fit Shirt with Patch Pocket,"₹2,499","₹1,125"
SNITCH,Classic Shirt with Patch Pocket,₹999,₹500
NETPLAY,Men Slim Fit Shirt,NA,₹699
BROOKS BROTHERS,Regular Fit Oxford Check Shirt,"₹10,000","₹5,000"
JACK & JONES Premium,Men Slim Fit Shirt with Embroidered Logo,"₹3,299","₹1,353"
NETPLAY,Men NP06 Slim Fit Shirt with Band Collar,NA,₹499
PUREZA,Men Printed Slim Fit Shirt,₹799,₹384
INDIAN NEEDLE,Men Printed Regular Fit Shirt,"₹2,799",₹924
SOLSTICE,Men Textured Boxy Fit Shirt,₹999,₹290
NETPLAY,Men Checked Slim Fit Shirt,NA,₹799
The Indian Garage Co,Men Striped Regular Fit Shirt with Patch Pocket,"₹2,049",₹389
The Indian Garage Co,Men Checked Slim Fit Shirt with Patch Pocket,"₹1,749",₹437
INDO Cotton,Men Slim Fit Shirt,"₹2,499",₹700
ALLEN SOLLY,Slim Fit Shirt with Patch Pocket,"₹1,499","₹1,049"
NETPLAY,Men Checked Regular Fit Shirt,NA,₹499
LOUIS PHILIPPE,Men Stripes Extra Slim Fit Shirt,"₹2,799","₹1,791"
Campus Sutra,Men Striped Regular Fit Shirt,"₹1,899",₹646
THE BEAR HOUSE,Men Checked Slim Fit Shirt with Patch Pocket,"₹2,599","₹1,248"
BREAKPOINT NXT,Men Checked Boxy Fit Shirt with Flap Pockets,"₹1,499",₹450
JAINISH,Men Solid Regular Fit Shirt,"₹1,299",₹520
Relicx outlanders,Men Regular Fit Shirt,"₹1,299",₹351
ACCOX,Men Solid Regular Fit Shirt,"₹1,480",₹622
MISCHIEF MONKEY,Men Tailored Fit Striped Shirt,"₹4,999",₹799
The Indian Garage Co,Shirt with Patch Pocket,"₹1,749",₹542
BROOKS BROTHERS,Regular Fitted End On End Friday Sports Shirt,"₹10,000","₹4,200"
NETPLAY,Men Smart Fit Shirt,NA,₹799
BREAKPOINT NXT,Men Checked Slim Fit Shirt with Patch Pocket,"₹1,299",₹390
ALLEN SOLLY,Men Micro-Print Full-Length Collar Shirt,"₹1,699","₹1,189"
British Club,Men Checked Slim Fit Shirt,"₹2,095",₹754
DNMX FOR TRENDS SELECT,Men Printed Relaxed Fit Shirt,₹599,₹425
ASOS DESIGN,Relaxed Fit Revere Shirt with Chest & Back Print,"₹2,999","₹2,099"
EYEBOGLER,Men Regular Fit Shirt,"₹1,299",₹429
RED TAPE,Men Shirt with Button Down Collar,"₹4,199",₹630
U.S. Polo Assn.,Men Tailored Fit Shirt,"₹2,299","₹1,150"
British Club,Men Checked Regular Fit Shirt,"₹2,095",₹712
The Indian Garage Co,Checked Shirt with Patch Pocket,"₹1,749",₹472
U.S. Polo Assn.,Men Tailored Fit Cotton Shirt,"₹2,299","₹1,195"
VEERYA,Men Regular Fit Linen Shirt with Patch Pocket,NA,"₹2,499"
ASOS DESIGN,Relaxed Fit Revere Shirt with Chest & Back Print,"₹2,999","₹2,099"
British Club,Men Checked Slim Fit Shirt,"₹1,995",₹798
The Indian Garage Co,Tropical Print Shirt with Patch Pocket,"₹1,749",₹490
NETPLAY,Men Core Oxford Slim Fit Shirt with Patch Pocket,NA,₹699
The Indian Garage Co,Men Paisley Print Relaxed Fit Resort Wear Shirt,"₹1,999",₹440
Campus Sutra,Men Regular Fit Shirt with Spread Collar,"₹1,899",₹703
SNITCH,Men Slim Fit Shirt with Spread Collar,NA,"₹1,399"
The Indian Garage Co,Checked Slim Fit Shirt with Patch Pocket,"₹1,749",₹525
HK FASHION,Men Self-design Regular Fit Shirt,₹999,₹299
Andamen,Striped Regular Fit Cotton Shirt,"₹3,990","₹2,793"
DENNISLINGO PREMIUM ATTIRE,Slim Fit Shirt with Patch Pocket,"₹1,849",₹684
JACK & JONES Premium,Men Slim Fit Shirt with Embroidered Logo,"₹3,299","₹1,353"
Buda Jeans Co,Men Regular Fit Shirt,"₹1,599",₹704
HK FASHION,Men Regular Fit Shirt,₹999,₹279
NETPLAY,Men Core Oxford Slim Fit Shirt with Patch Pocket,NA,₹699
U.S. Polo Assn.,Men Checked Slim Fit Shirt,"₹2,499","₹1,100"
British Club,Men Checked Slim Fit Cotton Shirt,"₹1,995",₹658
NETPLAY,Men Slim Fit Shirt with Band Collar,₹699,₹496
The Indian Garage Co,Spread Collar Shirt with Patch Pocket,"₹1,749",₹455
MAX,Men Shirt with Patch Pocket,₹749,₹599
Voroxy X AG,Men Striped Regular Fit Shirt,"₹1,999",₹280
MISCHIEF MONKEY,Men Spread-Collar Tailored Fit Shirt,"₹4,999",₹799
The Indian Garage Co,Checked Shirt with Patch Pocket,"₹1,749",₹437
ARMANI EXCHANGE,Men Regular Fit Cotton Stretch Shirt,"₹12,999","₹6,500"
Vooter,Men Self-Design Regular Fit Shirt,"₹1,999",₹500
MISCHIEF MONKEY,Men Spread-Collar Tailored Fit Shirt,"₹4,999",₹799
U.S. Polo Assn.,Men Printed Regular Fit Shirt with Spread Collar,"₹2,499","₹1,749"
DENNISLINGO PREMIUM ATTIRE,Striped Slim Fit Shirt,"₹2,499",₹650
The Indian Garage Co,Men Slim Fit Striped Shirt with Patch Pocket,"₹1,649",₹495
POIPET,Men Graphic Print Regular Fit Shirt,"₹1,999",₹580
U.S. Polo Assn.,Men Checked Tailored Fit Shirt,"₹2,499","₹1,150"
NETPLAY,Men Smart Fit Cotton Shirt,₹699,₹496
NETPLAY,Men NP 35 Checked Slim Fit Cotton Shirt with Patch Pocket,₹799,₹567
GAP,Men Checked Regular Fit Shirt with Patch Pocket,NA,"₹2,999"
RED TAPE,Men Checked Regular Fit Shirt,"₹3,299",₹627
NETPLAY FOR TRENDS SELECT,Men Striped Regular Fit Shirt,₹699,₹496
THE BEAR HOUSE,Men Stripes Slim Fit Shirt,"₹2,599","₹1,300"
Indo_primo,Men Checked Regular Fit Shirt with Patch Pocket,₹999,₹249
British Club,Men Micro Print Slim Fit Shirt with Patch Pocket,"₹1,995",₹339
GAP,Striped Button-Down Poplin Shirt,"₹2,799","₹1,679"
NETPLAY,Men NP35 Checked Slim Fit Shirt with Patch Pocket,NA,₹799
MUFTI,Men Geometric Print Slim Fit Shirt,"₹2,399",₹816
The Indian Garage Co,Men Slim Fit Checked Shirt with Patch Pocket,"₹1,749",₹455
SNITCH,Men Slim Fit Shirt with Button-Down Collar,NA,₹999
Indo_primo,Men Checked Regular Fit Shirt,₹999,₹409
SNITCH,Men Checked Slim Fit Shirt,"₹2,398",₹600
The Indian Garage Co,Checked Slim Fit Shirt,"₹1,749",₹455
MAX,Shirt with Patch Pocket,₹749,₹599
Jack & Jones,Men Slim Fit Shirt with Flap Pockets,"₹3,299","₹1,155"
LOUIS PHILIPPE,Men Stripes Slim Fit Shirt,"₹2,699","₹1,727"
SNITCH,Men Checked Regular Fit Shirt with Button-Down Collar,NA,"₹1,199"
SIN,Men Slim Fit Shirt,"₹1,699",₹985
NETPLAY,Men Smart Fit Shirt,NA,₹799
The Indian Garage Co,Men Checked Slim Fit Shirt with Patch Pocket,"₹1,949",₹370
U.S. Polo Assn.,Men Birdeye Slim Fit Shirt with Patch Pocket,"₹2,299","₹1,127"
DNMX FOR TRENDS SELECT,Men Printed Relaxed Fit Shirt,₹699,₹496
Urban Buccachi,Men Regular Fit Band Collar Shirt,"₹1,399",₹350
SNITCH,Men Slim Fit Shirt with Spread Collar,NA,"₹1,399"
The Indian Garage Co,Checked Shirt with Buttoned Flap Pockets,"₹1,849",₹592
H&M,Men Loose Fit Shirt,NA,"₹1,499"
The Indian Garage Co,Men Checked Slim Fit Shirt,"₹1,749",₹455
LEVIS,Men Checked Slim Fit Shirt with Patch Pocket,"₹2,699","₹1,107"
Instafab Plus,Men Relaxed Fit Shirt,"₹2,499",₹975
LOUIS PHILIPPE,Men Slim Fit Shirt,"₹2,299","₹1,356"
DENNISLINGO PREMIUM ATTIRE,Full Sleeves Slim Fit Classic Shirt,"₹1,849",₹481
Vastrado,Men Stripes Slim Fit Shirt,"₹1,649",₹742
NETPLAY FOR TRENDS SELECT,Men Printed Slim Fit Shirt,₹799,₹567
U.S. Polo Assn.,Men Checked Regular Fit Shirt with Patch Pocket,"₹2,699","₹1,323"
MAX,Men Solid Shirt with Collar Neckline,₹999,₹699
MISCHIEF MONKEY,Men Tailored Fit Cotton Shirt with Patch Pocket,"₹4,999",₹799
Urban Buccachi,Men Regular Fit Shirt,"₹1,799",₹429
SUPERDRY,Embroidered Check Overshirt,"₹7,999","₹4,000"
GAP,Men Ribbed Regular Fit Corduroy Shirt with Patch Pocket,"₹2,999","₹1,799"
Campus Sutra,Striped Shirt with Spread Collar,"₹1,499",₹570
WUXI,Men Loose Fit Shirt,"₹1,499",₹300
ALTAIR,Men Checked Slim Fit Shirt,"₹1,399",₹420
INDIAN TERRAIN,Men Striped Pure Cotton Slim Fit Shirt,"₹1,899",₹741
DNMX FOR TRENDS SELECT,Men Checked Regular Fit Shirt,₹799,₹567
MORLY,Men Checked Boxy Fit Shirt with Patch Pocket,"₹1,499",₹480
NETPLAY,Men Regular Fit Shirt,₹799,₹567
ALLEN SOLLY,Checked Slim Shirt with Patch Pocket,"₹1,799","₹1,259"
NETPLAY,Cotton Shirt with Patch Pocket,₹599,₹425
DNMX FOR TRENDS SELECT,Men Checked Regular Fit Shirt,₹799,₹567
RED TAPE,Men Checked Regular Fit Shirt,"₹3,299",₹627
LOUIS PHILIPPE,Men Regular Fit Shirt,"₹2,299","₹1,356"
Vaatko,Men Shirt with Spread Collar,₹999,₹370
Urban Buccachi,Men Regular Fit Shirt,"₹1,299",₹351
The Indian Garage Co,Checked Shirt with Patch Pocket,"₹2,049",₹615
Hardsoda,Plus Size Men Printed Casual Shirt,"₹2,049",₹533
BROOKS BROTHERS,Non-Iron Oxford Sports Shirt,"₹12,000","₹5,640"
The Indian Garage Co,Men Patterned Regular Fit Shirt with Patch Pocket,"₹2,049",₹389
DENNISLINGO PREMIUM ATTIRE,Striped Shirt with Patch Pocket,"₹2,599",₹676
U.S. Polo Assn.,Men Striped Slim Fit Shirt with Patch Pocket,"₹2,699","₹1,323"
U.S. Polo Assn.,Men Regular Fit Shirt with Patch Pocket,"₹2,499","₹1,225"
The Indian Garage Co,Men Striped Slim Fit Shirt with Patch Pocket,"₹1,749",₹525
KHUSHI CREATION,Men Regular Fit Shirt with Spread-Collar,"₹1,998",₹400
LOUIS PHILIPPE,Men Checks Slim Fit Shirt,"₹2,699","₹1,727"
Urban Buccachi,Men Regular Fit Shirt,"₹1,299",₹351
MISCHIEF MONKEY,Men Spread-Collar Tailored Fit Shirt,"₹4,999",₹699
MAX,Men Cotton Shirt with Patch Pocket,₹999,₹599
THE BEAR HOUSE,Striped Full-Sleeves Shirt,"₹2,495",₹873
NETPLAY,Men Checked Slim Fit Shirt with Patch Pocket,₹799,₹567
U.S. Polo Assn.,Men Striped Regular Fit Shirt,"₹2,899","₹1,507"
MISCHIEF MONKEY,Men Tailored Fit Shirt with Embroidered Logo,"₹3,999",₹599
The Indian Garage Co,Men Striped Slim Fit Shirt,"₹2,099",₹462
THE BEAR HOUSE,Men Slim Fit Shirt,"₹3,399","₹1,190"
JAINISH,Men Stripes Regular Fit Shirt,"₹1,299",₹572
The Indian Garage Co,Printed Slim Fit Shirt,"₹1,749",₹455
U.S. Polo Assn.,Striped Cotton Shirt with Button-Down Collar,"₹2,699","₹1,889"
The Indian Garage Co,Men Checked Slim Fit Shirt with Patch Pocket,"₹1,749",₹437
Jankit Designer,Men Regular Fit Shirt,"₹1,999",₹500
MISCHIEF MONKEY,Tailored Fit Shirt with Spread Collar,"₹4,999",₹699
U.S. Polo Assn.,Men Tailored Fit Shirt,"₹2,299","₹1,195"
THE BEAR HOUSE,Men Checked Slim Fit Shirt with Patch Pocket,"₹2,599","₹1,118"
Woxen,Men Spread-Collar Regular Fit Shirt,"₹1,599",₹560
iVOC,Men Checked Regular Fit Shirt,"₹3,499",₹385
The Indian Garage Co,Men Checked Slim Fit Shirt with Patch Pocket,"₹2,049",₹635
SPYKAR,Men Regular Slim Fit Shirt,"₹2,499","₹1,075"
Andamen,Men Linen Printed Classic Shirt,"₹5,590","₹3,913"
Hardsoda,Men Striped Regular Fit Shirt with Patch Pocket,"₹2,249",₹517
U.S. Polo Assn.,Men Slim Fit Cotton Shirt with Patch Pocket,"₹2,299","₹1,172"
U.S. Polo Assn.,Men Regular Fit Shirt with Logo Embroidery,NA,"₹3,199"
Campus Sutra,Men Regular Fit Shirt,"₹1,899",₹741
ARMANI EXCHANGE,Men Regular Fit Cotton Stretch Shirt,"₹12,999","₹6,500"
NETPLAY,Men Smart Fit Shirt,NA,₹899
SNITCH,Men Shirt with Spread Collar,NA,"₹1,199"
MORLY,Men Regular Fit Shirt,₹999,₹390
WHITE CREST,Men Slim Fit Shirt,₹799,₹240
U.S. Polo Assn.,Men Tailored Fit Shirt,"₹2,499","₹1,299"
BANANA CLUB,Polka-Dot Regular Fit Shirt,"₹1,498","₹1,049"
U.S. Polo Assn.,Men Checked Tailored Fit Shirt,"₹2,499","₹1,050"
US POLO ASSN.,Men Striped Tailored Fit Shirt,"₹2,699","₹1,619"
Vastrado,Men Checks Slim Fit Shirt,"₹1,899",₹855
La Martina,Checked Slim Fit Shirt with Embroidered Logo,"₹3,599","₹2,519"
BREAKPOINT NXT,Men Checked Boxy Fit Shirt with Flap Pockets,"₹1,499",₹450
Jankit Designer,Men Printed Regular Fit Shirt with Spread Collar,"₹1,999",₹500
GAP,Men Button-Down Collar Flannel Shirt,"₹2,999","₹1,799"
NETPLAY,Men Core Oxford Slim Fit Shirt with Patch Pocket,NA,₹699
WHITE CREST,Men Slim Fit Shirt,"₹1,199",₹360
UNITED COLORS OF BENETTON,Men Checked Slim Fit Shirt,"₹2,799","₹1,819"
SUPERDRY,Classic Long-Sleeve Fil-A-Fil Shirt,"₹4,999","₹2,350"
U.S. Polo Assn.,Men Checked Tailored Fit Shirt with Patch Pocket,"₹2,699",₹891
SURHI,Men Check Hooded Shirt,"₹1,990",₹378
SNITCH,Men Spread Collar Slim Fit Shirt,"₹1,998",₹500
UNITED COLORS OF BENETTON,Men Regular Fit Denim Shirt,"₹3,999","₹1,200"
ARROW,Men Checked Slim Fit Cotton Shirt,"₹2,499",₹825
THE BEAR HOUSE,Men Checked Regular Fit Shirt with Button-Down Collar,"₹2,599","₹1,040"
The Indian Garage Co,Checked Shirt with Patch Pocket,"₹1,749",₹542
SUPERDRY,Ultra-Light Army Corp Long Sleeves Shirt,"₹7,999","₹3,760"
The Indian Garage Co,Men Striped Slim Fit Shirt,"₹1,949",₹507
U.S. Polo Assn.,Men Regular Fit Shirt,"₹2,499","₹1,225"
Indo_primo,Men Regular Fit Shirt with Spread Collar,₹999,₹499
Linza,Men Regular Fit Shirt,"₹1,699",₹527
The Indian Garage Co,Checked Shirt with Patch Pocket,"₹1,749",₹542
The Indian Garage Co,Men Checked Slim Fit Shirt with Patch Pocket,"₹1,949",₹370
WHITE CREST,Men Slim Fit Shirt,"₹1,099",₹330
SUPERDRY,Classic Oxford Regular Fit Shirt with Button-Down Collar,"₹3,999","₹1,880"
The Indian Garage Co,Checked Shirt with Patch Pocket,"₹1,749",₹542
BANANA CLUB,Men Embroidered Slim Fit Shirt,"₹2,280","₹1,094"
Voroxy X AG,Men Striped Regular Fit Shirt,"₹1,999",₹280
DENNISLINGO PREMIUM ATTIRE,Full Sleeves Slim Fit Shirt,"₹1,849",₹629
Campus Sutra,Men Spread-Collar Regular Fit Shirt,"₹1,899",₹741
Urban Buccachi,Men Regular Fit Shirt with Spread Collar,"₹1,799",₹429
WHITE CREST,Men Slim Fit Shirt,₹699,₹210
Ketch,Men Checked Slim Fit Shirt,₹999,₹270
The Indian Garage Co,Men Slim Fit Checked Shirt with Patch Pocket,"₹1,749",₹420
DNMX,Men Regular Fit Shirt with Patch Pocket,NA,₹899
Shein,Shein Street Cuban Collar Short Sleeve Striped Semi-sheer Knitted Shirt,NA,₹499
DNMX,Men Regular Fit Shirt with Patch Pocket,₹699,₹496
Lee Cooper,Men Regular Fit Shirt,"₹2,499","₹1,774"
INDIAN NEEDLE,Men Checked Regular Fit Shirt,"₹2,399",₹672
Relicx outlanders,Men Regular Fit Shirt,"₹1,299",₹351
Vooter,Mandarin Collar Shirt with Short Sleeves,"₹1,999",₹440
Terra Luna,Men Slim Fit Shirt,NA,"₹4,999"
British Club,Men Checked Slim Fit Cotton Shirt,"₹1,995",₹658
POIPET,Men Floral Print Regular Fit Shirt with Short Sleeves,"₹1,999",₹500
The Indian Garage Co,Checked Shirt with Patch Pocket,"₹1,749",₹542
The Indian Garage Co,Checked Hooded Shirt with Flap Pockets,"₹1,899",₹589
MORLY,Men Floral Regular Fit Shirt,₹999,₹390
ADWYN PETER,Men Regular Fit Shirt with Spread Collar,"₹1,111",₹556
U.S. Polo Assn.,Men Floral Print Tailored Fit Shirt,"₹2,499","₹1,225"
U.S. Polo Assn.,Men Tailored Fit Shirt with Patch Pocket,"₹2,299","₹1,609"
British Club,Men Checked Slim Fit Shirt with Patch Pocket,"₹2,195",₹702
MISCHIEF MONKEY,Men Tailored Fit Shirt with Patch Pocket,"₹4,999",₹899
Bullmer,Men Colourblock Regular Fit Shirt with Spread Collar,"₹1,999",₹620
Ketch,Men Micro Print Slim Fit Cotton Shirt,"₹1,899",₹475
GAP,Men Striped Regular Fit Cotton Shirt,"₹2,999","₹1,799"
Voroxy X AG,Men Checked Regular Fit Shirt,"₹1,499",₹240
The Indian Garage Co,Men Checked Regular Fit Shirt,"₹1,749",₹525
The Indian Garage Co,Men Checked Slim Fit Shirt,"₹1,999",₹580
NETPLAY FOR TRENDS SELECT,Men Regular Fit Shirt,₹799,₹567
The Indian Garage Co,Striped Shirt with Patch Pocket,"₹1,749",₹472
The Indian Garage Co,Men Checked Slim Fit Shirt with Patch Pocket,"₹1,749",₹420
HK FASHION,Men Self-design Regular Fit Shirt,₹999,₹299
La Martina,Men Striped Tailored Fit Cotton Shirt,"₹3,799","₹2,279"
Hardsoda,Men Striped Regular Fit Shirt,"₹2,249",₹517
DNMX,Men Regular Fit Shirt,NA,₹699
The Indian Garage Co,Cotton Shirt with Patch Pocket,"₹1,749",₹542
U.S. Polo Assn.,Men Tailored Fit Shirt,"₹2,699","₹1,323"
VAN HEUSEN,Men Slim Fit Shirt,"₹2,299","₹1,264"
NETPLAY FOR TRENDS SELECT,Men Printed Slim Fit Shirt,₹799,₹567
Hardsoda,Men Checked Regular Fit Shirt with Patch Pocket,"₹2,199",₹506
GAS,Men Slim Fit Shirt with Spread Collar,"₹3,999","₹2,399"
Andamen,Stripes Regular Fit Shirt,NA,"₹4,590"
WUXI,Men Textured Loose Fit Cuban Collar Shirt,"₹1,499",₹300
Ketch,Men Striped Slim Fit Shirt,"₹1,799",₹450
British Club,Windowpane Checks Slim Fit 60'S Giza Cotton Shirt,"₹2,899",₹841
Jack & Jones,Men Regular Fit Shirt with Flap Pockets,"₹3,999","₹1,720"
KRUMPER,Men Regular Fit Cotton Shirt with Patch Pocket,₹899,₹360
CROCODILE,Men Checked Regular Fit Shirt with Cuffed Sleeves,"₹2,499","₹1,824"
U.S. Polo Assn.,Tailored Fit Shirt with Logo Embroidery,NA,"₹2,199"
Woxen,Men Regular Fit Shirt with Spread Collar,"₹2,099",₹525
WHITE CREST,Men Slim Fit Cotton Shirt,₹999,₹300
LP JEANS,Men Crinkled Slim Fit Cotton Shirt with Patch Pocket,"₹2,299","₹1,356"
WEBRIC,Men Regular Fit Spread-Collar Shirt,"₹1,099",₹330
Noble Monk,Men Ribbed Regular Fit Shirt with Short Shorts,"₹1,299",₹351
The Indian Garage Co,Checked Shirt with Patch Pocket,"₹1,749",₹525
Buda Jeans Co,Men Relaxed Fit Oxford Shirt,"₹1,599",₹688
BRUCEWANE,Men Regular Fit Shirt with Patch Pocket,"₹1,999",₹520
The Indian Garage Co,Mandarin Collar Shirt with Patch Pocket,"₹1,749",₹420
JAINISH,Men Solid Regular Fit Shirt,"₹1,299",₹481
British Club,Men Checked Slim Fit Shirt,"₹2,295",₹689
Campus Sutra,Men Checked Regular Fit Shirt with Spread Collar,"₹1,899",₹494
GAP,Men Checked Slim Fit Shirt,"₹2,799","₹1,400"
Mameru,Men Slim Fit Shirt,"₹1,699",₹510
DENNISLINGO PREMIUM ATTIRE,Men Cotton Regular Fit Shirt,"₹2,299",₹621
Thinc,Men Slim Fit Printed Shirt,"₹3,599","₹1,188"
U.S. Polo Assn.,Men Regular Fit Shirt with Patch Pocket,"₹2,299","₹1,127"
Vastrado,Men Slim Fit Shirt with Spread Collar,"₹1,999",₹900
JAINISH,Men Solid Regular Fit Shirt,"₹1,299",₹520
THE BEAR HOUSE,Striped Shirt with Patch Pocket,"₹2,495",₹873
DNMX,Men Checked Regular Fit Shirt with Patch Pocket,₹799,₹567
Vastrado,Men Slim Fit Shirt,"₹2,149",₹967
Marmic Fab,Men Checked Regular Fit Shirt,"₹1,599",₹416
CHIMPAAANZEE,Men Checked Oversized Fit Shirt with Patch Pocket,"₹1,499",₹750
THE BEAR HOUSE,Men Checked Slim Fit Shirt,"₹2,495",₹923
DENNISLINGO PREMIUM ATTIRE,Classic Slim Fit Shirt with Spread Collar,"₹1,849",₹573
PETER ENGLAND CASUALS,Men Regular Fit Shirt with Patch Pocket,"₹1,499",₹720
NETPLAY FOR TRENDS SELECT,Men Floral Print Regular Fit Shirt,₹699,₹496
Ad By Arvind,Men Slim Fit Shirt with Spread Collar,"₹1,599",₹640
KHUSHI CREATION,Men Regular Fit Shirt with Patch Pocket,"₹1,996",₹399
Fashion 2 Wear,Men Spread Collar Shirt with Full Sleeves,"₹2,499",₹600
THE BEAR HOUSE,Checked Slim Fit Shirt,"₹2,495",₹749
Vastrado,Men Striped Slim Fit Shirt with Patch Pocket,"₹1,349",₹607
Voroxy X AG,Men Geometric Print Regular Fit Shirt,"₹1,499",₹240
MAX,Men Slim Fit Shirt with Patch Pocket,₹999,₹699
ALTAIR,Men Checked Slim Fit Shirt,₹899,₹432
Andamen,Striped Shirt with Curved Hem,NA,"₹4,990"
NETPLAY,Men Patterned Regular Fit Cotton Shirt,₹799,₹567
NETPLAY FOR TRENDS SELECT,Men Striped Slim Fit Shirt,₹799,₹567
SNITCH,Regular Fit Shirt with Flap Pockets,"₹2,998","₹1,499"
U.S. Polo Assn.,Men Regular Fit Shirt,"₹2,299","₹1,081"
ACCOX,Men Striped Regular Fit Shirt,"₹1,480",₹607
MORLY,Men Patterned Boxy Fit Shirt with Patch Pocket,"₹1,499",₹390
The Indian Garage Co,Checked Shirt with Patch Pocket,"₹1,949",₹565
U.S. Polo Assn.,Men Striped Print Slim Fit Shirt,"₹2,499","₹1,874"
The Indian Garage Co,Men Checked Slim Fit Shirt with Patch Pocket,"₹1,749",₹455
Belpatra,Men Regular Fit Shirt,₹999,₹329
Andamen,Slim Fit Shirt with Logo Embroidery,NA,"₹3,990"
THE BEAR HOUSE,Men Striped Slim Fit Shirt,"₹2,599",₹962
UNITED COLORS OF BENETTON,Men Checked Slim Fit Shirt,"₹2,999","₹1,949"
NETPLAY,Men Checked Regular Fit Cotton Shirt,NA,₹799
Buda Jeans Co,Men Striped Slim Fit Shirt,"₹1,599",₹704
British Club,Men Striped Slim Fit Shirt,"₹2,295",₹390
NETPLAY,Men Bedford Dobby Slim Fit Shirt with Patch Pocket,NA,₹699
The Indian Garage Co,Striped Shirt with Patch Pocket,"₹2,199",₹682
WHITE CREST,Men Slim Fit Shirt,₹999,₹300
The Indian Garage Co,Spread-Collar Shirt with Patch Pocket,"₹1,749",₹542
Buda Jeans Co,Men Regular Fit Half Sleeve Cotton Shirt,"₹1,499",₹615
DENNISLINGO PREMIUM ATTIRE,Slim Fit Shirt with Patch Pocket,"₹1,849",₹481
WHITE CREST,Men Slim Fit Shirt,"₹1,199",₹360
The Indian Garage Co,Checked Shirt with Patch Pocket,"₹1,749",₹542
GAP,Checked Button-Down Poplin Shirt,"₹2,799","₹1,679"
Tistabene,Striped Shirt with Spread Collar,"₹1,799",₹360
Noble Monk,Men Ribbed Regular Fit Hooded Shirt with Patch Pocket,"₹1,299",₹468
U.S. Polo Assn.,Men Printed Tailored Fit Shirt,"₹2,199",₹924
ALLEN SOLLY,Micro Print Cotton Shirt with Patch Pocket,"₹1,499","₹1,334"
The Indian Garage Co,Men Checked Slim Fit Shirt with Patch Pocket,"₹1,749",₹472
The Indian Garage Co,Striped Shirt with Patch Pocket,"₹2,099",₹630
SNITCH,Men Checked Slim Fit Shirt,"₹2,598","₹1,299"
BREAKPOINT NXT,Men Checked Boxy Fit Shirt with Flap Pockets,"₹1,499",₹450
British Club,Men Checked Slim Fit Shirt with Patch Pocket,"₹2,195",₹659
Cantabil,Cotton Regular Fit Shirt,"₹2,999",₹900
ARMANI EXCHANGE,All-Over Logo Print Slim Fit Cotton Shirt,"₹9,999","₹4,700"
U.S. Polo Assn.,Men Checked Tailored Fit Shirt,"₹2,499","₹1,225"
MORLY,Men Geometric Regular Fit Shirt,₹999,₹390
LOUIS PHILIPPE,Men Striped Regular Fit Shirt,"₹2,499","₹1,474"
Hardsoda,Men Checked Regular Fit with Patch Pocket,"₹2,249",₹720
British Club,Men Printed Regular Fit Shirt,"₹1,995",₹718
Vooter,Men Leaf Print Regular Fit Shirt,"₹1,999",₹440
NETPLAY,Cotton Shirt with Patch Pocket,NA,₹599
Vaatko,Men Shirt with Spread Collar,₹999,₹370
THE BEAR HOUSE,Men's Cotton Striped Slim Fit Shirt,"₹3,399","₹1,258"
U.S. Polo Assn.,Men Tailored Fit Shirt,"₹2,299","₹1,127"
WEBRIC,Men Regular Fit Shirt,"₹1,099",₹330
NETPLAY,Men Checked Regular Fit Shirt with Patch Pocket,NA,₹499
MISCHIEF MONKEY,Men Tailored Fit Shirt,"₹4,999",₹899
Pactimo,Men Regular Fit Shirt with Spread Collar,"₹1,899",₹817
Buda Jeans Co,Men Regular Fit Denim Shirt,"₹1,499","₹1,349"
SNITCH,Men Slim Fit Checked Shirt,"₹2,598","₹1,299"
Be Active X AG,Men Ombre-Dyed Regular Fit Shirt,"₹2,499",₹800
WHITE CREST,Men Slim Fit Cotton Shirt,₹999,₹300
Ketch,Men Floral Slim Fit Shirt,"₹1,549",₹387
Marks & Spencer,Striped Linen Shirt,"₹4,499","₹1,215"
NETPLAY,Men Slim Fit Shirt,₹799,₹567
NETPLAY FOR TRENDS SELECT,Men Slim Fit Shirt,₹799,₹567
NETPLAY,Men Regular Fit Shirt,NA,₹799
WEBRIC,Men Textured Regular Fit Shirt,"₹1,099",₹330
U.S. Polo Assn.,Men Tailored Fit Shirt,"₹2,499","₹1,299"
NETPLAY,Slim Fit Shirt with Patch Pocket,NA,"₹1,049"
The Indian Garage Co,Checked Shirt with Patch Pocket,"₹1,749",₹542
DNMX,Men Regular Fit Shirt with Flap Pockets,₹999,₹709
DNMX,Men Checked Regular Fit Shirt,₹699,₹496
NETPLAY,Men Smart Fit Shirt,NA,₹799
NETPLAY FOR TRENDS SELECT,Men Printed Regular Fit Shirt,₹699,₹496
Campus Sutra,Men Floral Woven Regular Fit Shirt,"₹1,899",₹608
SNITCH,Men Checks Relaxed Fit Shirt,NA,"₹1,299"
Buda Jeans Co,Men Relaxed Fit Half Sleeve Shirt with Resort Collar,"₹1,499",₹645
GAP,Striped Button-Down Poplin Shirt,"₹2,799","₹1,679"
ARROW,Men Striped Slim Fit Shirt with Patch Pocket,"₹2,399",₹720
SNITCH,Men Geometric Print Slim Fit Shirt,"₹2,398","₹1,199"
Gant,Linen Shirt with Button-Down Collar,"₹9,999","₹3,500"
EYEBOGLER,Men Ribbed Regular Fit Shirt with Patch Pocket,"₹1,299",₹364
Ramraj Cotton,Pack of 2 Men Spread-Collar Regular Fit Shirts,NA,"₹1,460"
AAPSKA,Men Shirt with Spread Collar,"₹1,999",₹460
U.S. Polo Assn.,Shirt with Embroidered Logo,"₹2,199","₹1,539"
GAP,Embroidered Orginals Logo Button Down Shirt,"₹1,999","₹1,000"
JOHN PLAYERS SELECT,Men Slim Fit Shirt,"₹1,049",₹745
Valen Club,Man Regular Fit Shirt,"₹2,499",₹625
CHARLES TYRWHITT,Men Checked Non-Iron Stretch Poplin Slim Fit Shirt,"₹4,999","₹2,749"
The Indian Garage Co,Checked Shirt with Patch Pocket,"₹1,749",₹472
RED TAPE,Men Checked Regular Fit Shirt,"₹3,299",₹627
DENNISLINGO PREMIUM ATTIRE,Checked Slim Fit Shirt with Patch Pocket,"₹2,499",₹650
British Club,Windowpane Checks Slim Fit 60'S Giza Cotton Shirt,"₹2,599",₹832
Urban Buccachi,Men Relaxed Fit Checked Shirt,₹999,₹350
INDIAN TERRAIN,Men Checked Slim Fit Shirt with Patch Pocket,"₹3,299","₹1,287"
Vaatko,Men Shirt with Spread Collar,₹999,₹370
U.S. Polo Assn.,Men Checked Tailored Fit Shirt,"₹2,499","₹1,100"
BREAKPOINT NXT,Men Checked Boxy Fit Shirt with Flap Pockets,"₹1,499",₹450
La Martina,Embroidered Logo Tailored Fit Shirt,"₹2,999","₹2,099"
KRUMPER,Men Regular Fit Cotton Shirt with Patch Pocket,₹899,₹360
KRUMPER,Men Regular Fit Cotton Shirt with Patch Pocket,₹899,₹360
Buda Jeans Co,Men Relaxed Fit Textured Shirt with Resort Collar,"₹1,599",₹656
The Indian Garage Co,Checked Shirt with Patch Pocket,"₹1,949",₹526
NETPLAY,Men Smart Fit Shirt,NA,₹799
NETPLAY FOR TRENDS SELECT,Men Striped Regular Fit Shirt,₹899,₹638
BROOKS BROTHERS,Regular Fitted Friday Fun Shirt,"₹12,000","₹6,000"
La Martina,Solid Slim Fit Cotton Stretch Oxford Shirt,"₹3,299","₹2,144"
Buda Jeans Co,Men Slim Fit Cotton Shirt with Over Stitch Details,"₹1,599",₹688
MORLY,Men Indian Boxy Fit Shirt,"₹1,499",₹480
H&M,Men Loose Fit Textured Shirt,NA,"₹1,999"
ALLEN SOLLY,Men Slim Fit Cotton Shirt,"₹1,649","₹1,154"
Urban Buccachi,Men Shirt with Spread Collar,"₹1,799",₹429
Instafab Plus,Shirt with Patch Pocket,"₹1,999",₹600
Buda Jeans Co,Men Relaxed Fit Denim Shirt with Flap Pockets,"₹1,599",₹927
DNMX FOR TRENDS SELECT,Men Striped Relaxed Fit Shirt,₹799,₹567
ALLEN SOLLY,Men Full-Length Collar Shirt,"₹1,699","₹1,189"
ARMANI EXCHANGE,Mix Mag Regular Fit Cotton Shirt,"₹12,999","₹6,110"
Vooter,Men Floral Print Regular Fit Shirt,"₹1,999",₹420
U.S. Polo Assn.,Men Striped Slim Fit Shirt with Patch Pocket,"₹2,699","₹1,376"
Woxen,Men Checks Regular Fit Shirt,"₹2,099",₹441
NETPLAY,Men Bedford Dobby Slim Fit Shirt with Patch Pocket,NA,₹699
Tistabene,Jaipuri Printed Cotton Shirt With Spread Collar,"₹1,799",₹486
British Club,Men Checked Slim Fit Shirt,"₹1,999",₹740
NETPLAY,Men NP35 Basic Checked Regular Fit Cotton Shirt,NA,₹899
DENNISLINGO PREMIUM ATTIRE,Slim Fit Shirt with Patch Pocket,"₹1,849",₹573
RED TAPE,Striped Spread-Collar Shirt,"₹3,799",₹722
NETPLAY,Men Checked Slim Fit Shirt,NA,₹499
U.S. Polo Assn.,Men Checked Tailored Fit Shirt with Patch Pocket,"₹2,499",₹975
GAP,Striped Button-Down Poplin Shirt,"₹2,799","₹1,679"
Urban Buccachi,Men Regular Fit Shirt,"₹1,799",₹429
MISCHIEF MONKEY,Striped Pure Cotton Tailored Fit Shirt,"₹4,999",₹799
PAST MODERN,Men Embroidery Relaxed Fit Shirt,"₹2,850","₹1,853"
Indo_primo,Men Regular Fit Shirt with Spread Collar,₹999,₹499
Campus Sutra,Men Checked Regular Fit Shirt,"₹1,899",₹570
NETPLAY,Men Leaf Print Slim Fit Shirt,NA,₹699
U.S. Polo Assn.,Men Checked Regular Fit Shirt,"₹2,699","₹1,403"
NETPLAY,Men Striped Slim Fit Shirt with Patch Pocket,NA,₹599
ARROW,Men Checked Slim Fit Cotton Shirt,"₹2,399",₹792
British Club,Men Checked Regular Fit Shirt,"₹2,495",₹773
ALLEN SOLLY,Men Striped Full-Length Collar Shirt,"₹2,499","₹2,224"
NETPLAY FOR TRENDS SELECT,Men Knitted Regular Fit Shirt,₹799,₹567
SUPERDRY,Premium Stretch Long Sleeves Shirt,"₹3,999","₹1,880"
Urban Buccachi,Men Relaxed Fit Shirt with Button Closure,₹999,₹350
Campus Sutra,Men Regular Fit Shirt,"₹1,899",₹741
NETPLAY FOR TRENDS SELECT,Men Slim Fit Shirt with Patch Pocket,₹799,₹567
Marks & Spencer,Men Striped Regular Fit Shirt with Patch Pocket,"₹2,499",₹775
SNITCH,Men Slim Fit Shirt with Spread Collar,"₹2,398","₹1,199"
U.S. Polo Assn.,Men Floral Print Tailored Fit Shirt,"₹2,499","₹1,274"
NETPLAY,Men Patterned Regular Fit Shirt,NA,₹699
SUPERDRY,Trailsman Cord Shirt,"₹5,999","₹2,820"
GAP,Long Sleeves Oxford Button-Down Shirt,"₹2,999","₹1,799"
Vooter,Men Striped Regular Fit Shirt,"₹1,999",₹460
INDO Cotton,Men Checked Slim Fit Shirt with Cuffed Sleeves,"₹2,499",₹625
KHUSHI CREATION,Men Regular Fit Shirt with Spread-Collar,"₹1,998",₹400
Relicx outlanders,Men Regular Fit Shirt,"₹1,299",₹351
The Indian Garage Co,Flannel Shirt with Double Flap Pocket,"₹1,849",₹499
NETPLAY FOR TRENDS SELECT,Men Regular Fit Crinkle Shirt,₹799,₹567
THE BEAR HOUSE,Men Checked Slim Fit Shirt,"₹2,495",₹873
Campus Sutra,Men Striped Regular Fit Shirt with Spread Collar,"₹1,899",₹741
SPYKAR,Men Denim Slim Fit Shirt,"₹2,999","₹1,290"
The Indian Garage Co,Checked Shirt with Patch Pocket,"₹1,749",₹542
SUPERDRY,Printed Poplin Regular Fit Shirt,"₹4,999","₹2,350"
U.S. Polo Assn.,Men Checked Tailored Fit Shirt with Patch Pocket,"₹2,499",₹975
BANANA CLUB,Geometric Print Regular Fit Shirt,"₹1,498","₹1,049"
ASOS DESIGN,Striped Seersucker Textured Smart Shirt,"₹2,999","₹2,099"
Ketch,Men Slim Fit Shirt with Mandarin Collar,"₹1,649",₹412
NETPLAY,Men Bedford Dobby Slim Fit Shirt with Patch Pocket,NA,₹699
Vooter,Men Geometric Print Regular Fit Shirt with Patch Pocket,"₹1,999",₹500
GAP,Men Regular Fit Oxford Shirt with Spread Collar,NA,"₹2,499"
British Club,Men Leaf Print Slim Fit Shirt,"₹1,895",₹512
MISCHIEF MONKEY,Tailored-Fit Shirt with Spread Collar,"₹4,999",₹699
KHUSHI CREATION,Men Regular Fit Shirt,₹598,₹257
THE BEAR HOUSE,Men Slim Fit Cotton Shirt with Patch Pocket,"₹3,399","₹1,462"
Campus Sutra,Men Crinkled Regular Fit Shirt,"₹1,899",₹703
U.S. Polo Assn.,Men Tailored Fit Shirt,"₹2,499","₹1,299"
GAP,Men Solid Full-Sleeve Shirt with Patch Pockets,"₹3,299","₹1,979"
LOUIS PHILIPPE,Shirt with Patch Pocket,"₹2,199","₹1,297"
Buda Jeans Co,Men Checked Slim Fit Shirt,"₹2,299",₹299
Buda Jeans Co,Men Checked Slim Fit Shirt,"₹2,299",₹299
British Club,Men Printed Slim Fit Shirt,"₹2,395",₹503
Buda Jeans Co,Men Slim Fit Cotton Shirt with Mandarin Collar,"₹1,699",₹748
The Indian Garage Co,Men Graphic Print Slim Fit Shirt,"₹1,749",₹525
Noble Monk,Men Regular Ribbed Hooded Shirt,"₹1,299",₹468
Troonpair,Men Regular Fit Shirt,₹799,₹423
Campus Sutra,Checked Spread-Collar Shirt,"₹1,899",₹741
Shein,Shein Elegant Spread Collar Full-Length Sleeves Striped Shirt,NA,₹649
SUPERDRY,Premium Stretch Long Sleeves Shirt,"₹3,999","₹1,880"
U.S. Polo Assn.,Men Checked Tailored Fit Shirt,"₹2,499","₹1,200"
The Indian Garage Co,Men Printed Slim Fit Shirt,"₹1,749",₹525
SUPERDRY,Studios Casual Linen Long-Sleeve Shirt,"₹6,999","₹3,290"
LOUIS PHILIPPE,Men Slim Fit Shirt with Spread Collar,"₹2,599","₹1,689"
Vastrado,Men Checks Slim Fit Shirt,"₹1,899",₹855
British Club,Men Checked Slim Fit Shirt with Patch Pocket,"₹2,095",₹566
BROOKS BROTHERS,Regular Fitted Oxford Check Shirt,"₹10,000","₹5,000"
MORLY,Men Floral Printed Regular Fit Shirt,"₹1,499",₹435
NETPLAY FOR TRENDS SELECT,Men Floral Print Slim Fit Shirt,₹799,₹567
Jankit Designer,Men Striped Regular Fit Shirt,"₹1,999",₹500
The Indian Garage Co,Checked Shirt with Patch Pocket,"₹1,749",₹525
NETPLAY,Men Patterned Regular Fit Cotton Shirt,₹799,₹567
Shein,Shein Medium Length Spread Collar Full Sleeve Striped Shirt,NA,₹649
XTJ,Men Slim Fit Shirt,₹799,₹384
KRUMPER,Men Block Print Regular Fit Shirt with Patch Pocket,₹799,₹320
NETPLAY FOR TRENDS SELECT,Men Plaid Check Regular Fit Shirt,₹899,₹638
DNMX,Men Regular Fit Shirt with Welt Pocket,₹699,₹496
QUMASH FASHION,Men Shirt with Mandarin Collar,₹999,₹500
THE BEAR HOUSE,Checked Shirt with Patch Pocket,"₹2,495",₹923
MISCHIEF MONKEY,Checked Shirt with Patch Pocket,"₹4,999",₹699
NETPLAY,Men Slim Fit Shirt,₹799,₹567
Vooter,Men Printed Regular Fit Shirt,"₹1,999",₹420
SNITCH,Men Checked Relaxed Fit Shirt,NA,"₹1,299"
ASOS DESIGN,Relaxed Fit Deep Revere Shirt with Placement Bird Print,NA,"₹3,999"
The Indian Garage Co,Checked Shirt with Patch Pocket,"₹2,149",₹580
The Indian Garage Co,Men Checked Slim Fit Shirt with Patch Pocket,"₹1,749",₹420
KHUSHI CREATION,Men Regular Fit Shirt with Patch Pocket,"₹1,996",₹399
SPYKAR,Men Printed Slim Fit Shirt,"₹2,499",₹775
INDO Cotton,Men Checked Slim Fit Shirt with Spread Collar,"₹2,499",₹625
SUPERDRY,Cotton Worker Check Shirt,"₹5,999","₹3,000"
ARMANI EXCHANGE,Solid Slim Fit Shirt,"₹5,999","₹3,000"
LOUIS PHILIPPE,Men Slim Fit Cotton Shirt with Patch Pocket,"₹2,499","₹1,399"
NETPLAY,Men Checked Slim Fit Shirt,NA,₹599
EYEBOGLER,Men Slim Fit Shirt,"₹2,499",₹375
La Martina,Men Brand Print Boxy Fit Cotton Shirt,"₹3,299","₹2,309"
Campus Sutra,Striped Shirt with Patch Pocket,"₹1,899",₹494
British Club,Men Checked Slim Fit Shirt with Patch Pocket,"₹2,195",₹373
INDIAN NEEDLE,Men Regular Fit Shirt,"₹2,299",₹874
Campus Sutra,Men Regular Fit Shirt with Spread Collar,"₹1,899",₹494
The Indian Garage Co,Slim Fit Shirt with Patch Pocket,"₹1,949",₹604
DNMX,Men Regular Fit Shirt,NA,₹699
NETPLAY,Men Smart Fit Shirt with Patch Pocket,NA,₹799
Vastrado,Men Slim Fit Shirt with Patch Pocket,"₹1,549",₹697
SNITCH,Relaxed Fit Shirt with Flap Pockets,"₹1,998",₹500
WUXI,Men Striped Regular Fit Shirt,"₹2,399",₹288
DNMX,Men Embroidered Regular Fit Shirt,NA,₹699
NETPLAY,Men Checked Smart Fit Shirt,₹499,₹354
THE BEAR HOUSE,Men Slim Fit Shirt,"₹3,399","₹1,462"
LOUIS PHILIPPE,Men Micro Print Slim Fit Shirt,"₹2,799","₹1,372"
Hardsoda,Men Checked Regular Fit Shirt with Patch Pocket,"₹2,399",₹552
BROOKS BROTHERS,Slim Fitted Solid Linen Sports Shirt,"₹12,000","₹5,040"
Instafab Plus,Men Relaxed Fit Shirt,"₹2,499",₹975
URBANO FASHION,Men Checked Slim Fit Shirt with Patch Pocket,"₹1,399",₹350
Hardsoda,Men Windowpane Checked Regular Fit Shirt with Patch Pocket,"₹2,249",₹517
Campus Sutra,Checked Shirt with Patch Pocket,"₹1,499",₹585
Urban Buccachi,Men Regular Fit Shirt,"₹1,299",₹351
Vastrado,Men Textured Slim Fit Shirt,"₹1,749",₹787
The Indian Garage Co,Striped Shirt with Patch Pocket,"₹1,749",₹542
ARROW,Men Checked Slim Fit Shirt with Patch Pocket,"₹2,399","₹1,152"
The Indian Garage Co,Men Striped Slim Fit Shirt,"₹2,049",₹451
SUPERDRY,Vintage Checked Long-Sleeve Shirt,"₹4,999","₹2,350"
NETPLAY FOR TRENDS SELECT,Men Printed Regular Fit Shirt,₹599,₹425
Ketch,Men Colourblock Slim Fit Shirt,"₹1,499",₹375
WUXI,Men Textured Loose Fit Shirt,"₹2,399",₹336
SOLSTICE,Men Regular Fit Shirt,₹999,₹499
The Indian Garage Co,Men Checked Slim Fit Shirt with Patch Pocket,"₹1,749",₹455
Ketch,Micro Print Shirt with Patch Pocket,"₹1,549",₹387
British Club,Men Checked Regular Fit Shirt,"₹2,095",₹691
kingdom of white,Men Spread-Collar Regular Fit Shirt,"₹3,999","₹3,599"
Urban Buccachi,Men Regular Fit Shirt,"₹1,799",₹429
Noble Monk,Men Checked Regular Fit Hooded Shirt,"₹1,299",₹403
RED TAPE,Men Shirt with Button Down Collar,"₹4,499",₹675
KRUMPER,Men Striped Regular Fit Shirt with Patch Pocket,₹799,₹320
DNMX,Men Washed Regular Fit Shirt with Flap Pockets,₹999,₹709
Ketch,Men Slim Fit Shirt with Band Collar,"₹1,649",₹412
DNMX FOR TRENDS SELECT,Men Checked Regular Fit Shirt,₹999,₹709
U.S. Polo Assn.,Men Checked Slim Fit Shirt,"₹2,499","₹1,025"
SPYKAR,Men Regular Fit Shirt,"₹2,599","₹1,014"
Buda Jeans Co,Men Checked Slim Fit Cotton Shirt with Patch Pocket,"₹1,799",₹738
NETPLAY,Men Patterned Smart Fit Short Kurta,₹699,₹496
Andamen,Men Oxford Button Down Classic Shirt,"₹2,990","₹2,093"
SUPERDRY,Studios Casual Linen Long-Sleeve Shirt,"₹6,999","₹3,290"
U.S. Polo Assn.,Men Tailored Fit Shirt,"₹2,699","₹1,403"
LOUIS PHILIPPE,Men Stripes Slim Fit Shirt,"₹2,799","₹1,791"
DNMX FOR TRENDS SELECT,Men Checked Relaxed Fit Shirt,₹699,₹496
VERTUSY,Floral Print Shirt with Patch Pocket,"₹1,999",₹800
The Indian Garage Co,Men Relaxed Fit Shirt,"₹1,799",₹396
EYEBOGLER,Men Floral Print Regular Fit Shirt,"₹2,499",₹325
British Club,Men Checked Slim Fit Shirt with Patch Pocket,"₹2,045",₹695
Bullmer,Men Geometric Print Regular Fit Shirt with Spread Collar,"₹1,999",₹540
ALLEN SOLLY,Men Striped Slim Fit Shirt with Patch Pocket,"₹1,999","₹1,299"
RED TAPE,Men Shirt with Button Down Collar,"₹3,699",₹555
ROOKIES,Men Slim Fit Shirt with Cuffed Sleeves,"₹2,699","₹1,161"
British Club,Men Pin-Point Oxford Checks Regular Fit Shirt,"₹1,999",₹680
Noble Monk,Men Ribbed Regular Fit Hooded Shirt with Patch Pocket,"₹1,299",₹403
Buda Jeans Co,Men Relaxed Fit Textured Resort Shirt,"₹1,599",₹656
Buda Jeans Co,Men Striped Slim Fit Shirt,"₹1,499",₹615
LEVIS,Men Checked Slim Fit Shirt with Patch Pocket,"₹2,699","₹1,188"
The Indian Garage Co,Striped Cotton Shirt with Patch Pocket,"₹1,749",₹455
Vastrado,Men Slim Fit Shirt,"₹1,649",₹742
Ketch,Men Colourblock Slim Fit Shirt,"₹1,299",₹325
WHITE CREST,Men Slim Fit Cotton Shirt,₹899,₹270
SUPERDRY,Regular Fit Satin Shirt with Concealed Placket Shirt,"₹5,999","₹2,820"
Crown Threads,Men Printed Regular Fit Shirt with Spread Collar,"₹1,599",₹432
The Indian Garage Co,Men Checked Slim Fit Shirt with Patch Pocket,"₹1,749",₹420
SUPERDRY,Premium Stretch L/S Shirt,"₹3,999","₹1,880"
Vastrado,Men Self-Design Slim Fit Shirt,"₹1,549",₹697
DENNISLINGO PREMIUM ATTIRE,Full Sleeves Slim Fit Shirt,"₹1,849",₹536
ALTAIR,Men Checked Slim Fit Shirt,₹899,₹432
Ketch,Striped Slim Fit Shirt,"₹1,849",₹462
INDO Cotton,Men Slim Fit Shirt,"₹2,499",₹625
Campus Sutra,Men Oversized Fit Shirt with Cuban Collar,"₹1,999",₹780
ASOS DESIGN,Geometric Print Relaxed Deep Revere Satin Shirt,"₹2,999","₹2,099"
The Indian Garage Co,Checked Shirt with Patch Pocket,"₹1,749",₹525
The Indian Garage Co,Checked Shirt with Patch Pocket,"₹1,749",₹525
The Indian Garage Co,Men Printed Slim Fit Shirt with Patch Pocket,"₹1,749",₹420
Arrow Sports,Men Striped Slim Fit Shirt,"₹2,299","₹1,195"
SCOTCH & SODA,Short Sleeves Corduroy Shirt,"₹9,999","₹5,000"
ARROW,Men Checked Slim Fit Shirt with Patch Pocket,"₹2,399",₹792
British Club,Men Striped Slim Fit Shirt with Patch Pocket,"₹2,245",₹382
Campus Sutra,Men Graphic Regular Fit Shirt,"₹1,899",₹741
Campus Sutra,Checked Shirt with Patch Pocket,"₹1,499",₹495
U.S. Polo Assn.,Men Checked Tailored Fit Shirt,"₹2,499","₹1,075"
ARROW,Men Checked Slim Fit Cotton Shirt,"₹2,399","₹1,367"
SNITCH,Men Checks Slim Fit Shirt,NA,₹999
SOLSTICE,Men Regular Fit Shirt,₹999,₹499
WUXI,Men Crinkled Loose Fit Shirt with Patch Pocket,"₹2,399",₹336
Hardsoda,Men Tartan Checked Regular Fit Shirt,"₹2,249",₹517
Deaim,Men Floral Print Regular Fit Shirt,"₹2,497",₹499
British Club,Men Slim Shirt with Patch Pocket,"₹1,945",₹564
MAX,Men Cotton Checked Regular Fit Shirt,NA,₹899
U.S. Polo Assn.,Men Striped Tailored Fit Shirt,"₹2,499","₹1,225"
British Club,Men Checked Slim Fit Shirt,"₹1,995",₹698
ARMANI EXCHANGE,Men Retro Sport Regular Fit Cotton Shirt,"₹11,999","₹6,000"
LEVIS,Men Slim Fit Shirt with Patch Pocket,"₹2,199","₹1,100"
NETPLAY,Men Smart Fit Cotton Shirt,₹699,₹496
U.S. Polo Assn.,Men Slim Fit Shirt,"₹1,999","₹1,039"
THE BEAR HOUSE,Men Washed Relaxed Fit Shirt,"₹2,799","₹1,344"
Indo_primo,Men Checked Regular Fit Shirt,₹999,₹319
PAUL STREET,Cordage Double Pocket Shirt,"₹2,295",₹826
THE BEAR HOUSE,Checked Shirt with Patch Pocket,"₹2,495",₹873
U.S. Polo Assn.,Men Checked Slim Fit Shirt,"₹2,499",₹825
MUJI,Flannel Checked Regular Fit Shirt,NA,"₹2,990"
GAP,Slim Fit Shirt with Patch Pocket,"₹2,499","₹1,250"
Noble Monk,Men Striped Regular Fit Hooded Shirt,"₹1,299",₹403
BROOKS BROTHERS,Regular Fit Oxford Checked Shirt,"₹10,000","₹5,000"
Noble Monk,Hooded Shirt with Full Sleeves,"₹1,299",₹403
Flocculent,Men Shirt with Spread Collar,"₹1,999",₹500
BROOKS BROTHERS,Gingham Checked Shirt with Button-Down Collar,"₹10,000","₹4,200"
NETPLAY,Men Printed Slim Fit Shirt,₹799,₹567
The Indian Garage Co,Striped Shirt with Patch Pocket,"₹2,199",₹682
SOLSTICE,Men Regular Fit Shirt,₹999,₹499
LOUIS PHILIPPE,Men Stripes Extra Slim Fit Shirt,"₹2,799","₹1,791"
Urban Buccachi,Men Regular Fit Shirt,"₹1,799",₹429
NETPLAY FOR TRENDS SELECT,Men Striped Slim Fit Shirt,₹799,₹567
Ketch,Men Slim Fit Shirt,"₹1,949",₹487
Alakhdhani Creation,Men Shirt with Cuban Collar,"₹1,699",₹340
URBANAUT,Men Printed Regular Fit Shirt with Patch Pocket,₹699,₹350
Vooter,Men Colourblock Regular Fit Shirt,"₹1,999",₹580
MISCHIEF MONKEY,Men Regular Fit Shirt,"₹4,999",₹699
NETPLAY FOR TRENDS SELECT,Men Floral Print Regular Fit Shirt,₹699,₹496
GAP,Men Slim Fit Oxford Checked Shirt,"₹2,999","₹1,799"
H&M,Men Regular Fit Textured-Weave Resort Shirt,NA,"₹1,999"
La Martina,Linen Tailored Fit Shirt with Embroidered Flag,"₹6,999","₹5,599"
Andamen,Slim Fit Shirt with Logo Embroidery,"₹4,590","₹3,672"
U.S. Polo Assn.,Men Tailored Fit Shirt,"₹2,299","₹1,150"
ARROW,Men Striped Slim Fit Shirt,"₹2,399","₹1,271"
BASICS,Men Striped Slim Fit Shirt,"₹1,999",₹860
LOUIS PHILIPPE,Men Checked Slim Fit Cotton Shirt,"₹2,299","₹1,448"
Buda Jeans Co,Men Flannel Checks Relaxed Fit Shirt,"₹1,799","₹1,043"
U.S. Polo Assn.,Men Floral Print Tailored Fit Shirt,"₹2,299",₹759
SUPERDRY,Seersucker Gingham Check Relaxed Fit Shirt,"₹4,999","₹2,350"
Campus Sutra,Men Slim Fit Shirt with Spread Collar,"₹1,899",₹646
VAN HEUSEN,Men Checked Regular Fit Shirt with Patch Pocket,"₹1,999","₹1,099"
Campus Sutra,Men Regular Fit Shirt,"₹1,899",₹722
MORLY,Men Floral Regular Fit Shirt,₹999,₹390
H&M,Men Regular Fit Shirt,NA,"₹2,299"
The Indian Garage Co,Checked Shirt with Patch Pocket,"₹1,749",₹455
Campus Sutra,Men Checked Regular Fit Shirt with Collar Neck,"₹1,899",₹703
ASOS DESIGN,Slim Fit Oxford Shirt,"₹2,499","₹1,749"
THE BEAR HOUSE,Checked Button-down Shirt,"₹2,495",₹873
H&M,Men Regular Fit Shirt,NA,"₹1,999"
NETPLAY FOR TRENDS SELECT,Men Checked Regular Fit Shirt with Patch Pocket,₹899,₹638
THE BEAR HOUSE,Men Checked Slim Fit Shirt with Patch Pocket,"₹2,495",₹749
SUPERDRY,Men Vintage Regular Fit Shirt with Flap Pockets,"₹5,999","₹2,820"
ARMANI EXCHANGE,Classic Cotton Twill Shirt,"₹10,999","₹5,500"
Vaatko,Men Shirt with Spread Collar,₹999,₹370
NETPLAY,Men Slim Fit Shirt,"₹1,049",₹745
Noble Monk,Men Regular Fit Hooded Shirt with Patch Pocket,"₹1,299",₹403
The Indian Garage Co,Checked Shirt with Patch Pocket,"₹1,749",₹455
CHARLES TYRWHITT,Men Plain Slim Fit Pure Linen Shirt,"₹6,999","₹3,849"
H&M,Men Loose Fit Cotton Short-Sleeved Oxford Shirt,NA,"₹1,499"
The Indian Garage Co,Striped Shirt with Patch Pocket,"₹1,749",₹525
Andamen,Checked Shirt with Button-Down Collar,NA,"₹4,690"
Andamen,Men Linen Printed Slim Fit Classic Shirt,"₹5,590","₹3,913"
SNITCH,Men Slim Fit Striped Shirt,"₹1,998",₹999
ALTAIR,Men Floral Print Slim Fit Shirt,"₹1,299",₹390
LOUIS PHILIPPE,Men Printed Slim Fit Shirt with Patch Pocket,"₹2,499","₹1,225"
The Indian Garage Co,Spread Collar Shirt with Patch Pocket,"₹1,749",₹437
Marks & Spencer,Men Checked Regular Fit Shirt with Patch Pocket,"₹2,999","₹2,099"
DENNISLINGO PREMIUM ATTIRE,Slim Fit Shirt with Patch Pocket,"₹1,849",₹573
GAS,Men Lace Regular Fit Shirt,"₹3,999","₹2,000"
RED TAPE,Logo Embroidered Spread-Collar Shirt,"₹4,099",₹779
GAP,Men Slim Fit Shirt,"₹2,499","₹1,499"
U.S. Polo Assn.,Men Floral Print Tailored Fit Shirt,"₹2,499","₹1,225"
ARMANI EXCHANGE,Classics Regular Fit Shirt,"₹9,999","₹5,000"
British Club,Men Checked Regular Fit Shirt with Patch Pocket,"₹2,095",₹691
DNMX,Men Regular Fit Shirt with Patch Pocket,₹699,₹496
The Indian Garage Co,Striped Spread-Collar Shirt with Patch Pocket,"₹1,749",₹455
POIPET,Men Tie & Dye Regular Fit Shirt,"₹1,999",₹500
La Martina,Men Graphic Print Tailored Fit Cotton Shirt,"₹5,999","₹4,799"
RED TAPE,Men Checked Regular Fit Shirt,"₹3,499",₹665
DENNISLINGO PREMIUM ATTIRE,Checked Slim Fit Shirt,"₹2,499",₹625
GRANDSTITCH,Spread-Collar Shirt with Flap Pockets,"₹2,499",₹550
WEBRIC,Men Regular Fit Spread-Collar Shirt,"₹1,099",₹330
The Indian Garage Co,Checked Shirt with Patch Pocket,"₹2,199",₹572
The Indian Garage Co,Men Checked Slim Fit Shirt with Patch Pocket,"₹1,749",₹542
TOMMY HILFIGER,Men Regular Fit Cotton Shirt,"₹4,599","₹3,679"
BANANA CLUB,Men Regular Fit Shirt with Curved Hem,"₹2,999","₹2,249"
JOHN PLAYERS SELECT,Men Striped Regular Fit Shirt,₹999,₹709
IDENTITI,Men Slim Fit Shirt with Mandarin Collar,NA,"₹1,599"
PETER ENGLAND,Men Slim Fit Cotton Shirt with Patch Pocket,"₹1,799",₹864
ARROW,Men Checked Slim Fit Cotton Shirt with Patch Pocket,"₹2,399","₹1,367"
U.S. Polo Assn.,Men Regular Fit Shirt with Logo Embroidery,NA,"₹2,199"
GAP,Solid Corduroy Button-Down Shirt,"₹3,499","₹2,099"
THE BEAR HOUSE,Men Checks Slim Fit Shirt,"₹3,799","₹1,634"
Vastrado,Men Slim Fit Shirt with Cutaway Collar,"₹1,899",₹855
British Club,Men Checked Regular Fit Shirt,"₹2,095",₹712
RED TAPE,Heathered Shirt with Button-Down Collar,"₹4,299",₹817
SNITCH,Men Slim Fit Button-Down Shirt,"₹2,398","₹1,199"
Trybest,Men Regular Fit Shirt with Patch Pocket,"₹4,599","₹2,437"
CROCODILE,Men Checked Slim Fit Cotton Shirt with Patch Pocket,"₹2,499","₹1,799"
EYEBOGLER,Men Regular Fit Shirt,"₹1,299",₹429
The Indian Garage Co,Checked Shirt with Patch Pocket,"₹1,749",₹525
The Indian Garage Co,Checked Shirt with Patch Pocket,"₹2,049",₹615
NETPLAY,Men Checked Slim Fit Shirt,NA,₹499
U.S. Polo Assn.,Men Micro Print Slim Fit Shirt with Patch Pocket,"₹2,299",₹989
The Indian Garage Co,Striped Shirt with Cut-Away Collar,"₹2,099",₹609
Arrow Sports,Men Slim Fit Cotton Shirt with Patch Pocket,"₹2,299","₹1,310"
NETPLAY,Men Slim Fit Shirt,NA,₹699
Colorplus,Men Geometric Print Tailored Fit Shirt,"₹2,299","₹1,104"
SUPERDRY,Ultra-Light Army Corp Long Sleeves Shirt,"₹7,999","₹3,760"
NETPLAY,Men Regular Fit Shirt,₹799,₹567
NETPLAY,Slim Fit Shirt with Patch Pocket,NA,"₹1,299"
SCOTCH & SODA,Essentials Organic Oxford Regular Fit Shirt,"₹7,999","₹4,000"
U.S. Polo Assn.,Men Tailored Fit Shirt,"₹1,999","₹1,039"
RED TAPE,Men Checked Regular Fit Shirt,"₹3,299",₹627
NETPLAY,Men NP35 Basic Checked Regular Fit Cotton Shirt,NA,₹899
RAMADHANI CLOTH,Men Shirt with Band Collar,"₹1,699",₹340
WUXI,Men Textured Loose Fit Shirt,"₹2,399",₹336
ARMANI EXCHANGE,Men Striped Regular Fit Peat Shirt with,"₹9,999","₹5,000"
KRUMPER,Men Block Print Regular Fit Shirt with Patch Pocket,₹599,₹240
Vastrado,Men Stripes Slim Fit Shirt,"₹1,649",₹742
The Indian Garage Co,Striped Cotton Shirt with Patch Pocket,"₹1,749",₹490
H&M,Men Regular Fit Shirt,NA,"₹2,299"
Tistabene,Men Floral Regular Fit Shirt with Spread Collar,"₹3,999",₹560
BROOKS BROTHERS,Checked Poplin Friday Shirt,"₹12,000","₹6,000"
Buda Jeans Co,Men Relaxed Fit Oxford Shirt,"₹1,599",₹927
The Indian Garage Co,Checked Shirt with Patch Pocket,"₹1,749",₹542
MISCHIEF MONKEY,Solid Tailored Fit Shirt,"₹3,999",₹599
Buda Jeans Co,Men Regular Fit Cotton Shirt with Flap Pockets,"₹2,099",₹903
PETER ENGLAND,Men Full-Sleeve Regular Fit Shirt,NA,"₹1,599"
The Indian Garage Co,Shirt with Patch Pocket,"₹1,749",₹525
The Indian Garage Co,Men Patterned Regular Fit Cotton Shirt,"₹2,049",₹553
U.S. Polo Assn.,Men Printed Tailored Shirt,"₹2,199","₹1,078"
NETPLAY,Men Smart Fit Shirt,NA,₹799
NETPLAY,Men Striped Regular Fit Shirt with Patch Pocket,NA,₹499
INDIAN NEEDLE,Men Striped Regular Fit Shirt,"₹2,149",₹774
Buda Jeans Co,Men Relaxed Half Sleeve Denim Shirt with Patch Pocket,"₹1,599",₹927
Urban Buccachi,Men Regular Fit Shirt,"₹1,299",₹351
H&M,Men Loose Fit Shirt,NA,"₹1,299"
U.S. Polo Assn.,Men Oxford Striped Slim Fit Shirt with Patch Pocket,"₹2,699","₹1,269"
ARMANI EXCHANGE,Milano Edition Loose Fit Cotton Shirt,"₹17,999","₹8,460"
Vastrado,Men Slim Fit Shirt with Cutaway Collar,"₹1,749",₹682
NETPLAY,Men Smart Fit Shirt,NA,₹799
The Indian Garage Co,Full Sleeves Shirt with Patch Pocket,"₹1,749",₹525
BREAKPOINT NXT,Men Micro Print Slim Fit Shirt with Patch Pocket,"₹1,299",₹390
BANANA CLUB,Men Regular Fit Shirt with Spread Collar,"₹1,599","₹1,247"
BROOKS BROTHERS,Checked Regular Fit Oxford Shirt,"₹10,000","₹5,000"
Arrow Sports,Men Slim Fit Spread-Collar Shirt,"₹2,499","₹1,674"
Campus Sutra,Men Patterned Regular Fit Shirt,"₹1,899",₹703
ASOS DESIGN,Men Checked 90s Oversized Shirt,"₹3,999","₹2,719"
NETPLAY,Men NP35 Checked Regular Fit Shirt,₹799,₹567
ASOS DESIGN,Relaxed Fit Revere Shirt with Chest & Back Print,NA,"₹2,999"
SUPERDRY,Studios Casual Linen Long-Sleeve Shirt,"₹6,999","₹3,290"
The Indian Garage Co,Men Checked Slim Fit Shirt with Patch Pocket,"₹1,749",₹437
ARROW,Men Slim Fit Shirt with Patch Pocket,"₹2,399","₹1,271"
Vastrado,Men Stripes Slim Fit Shirt,"₹1,749",₹787
SNITCH,Men Striped Slim Fit Shirt,"₹2,598","₹1,299"
BRUCEWANE,Men Regular Fit Shirt with Patch Pocket,"₹1,999",₹520
JACK & JONES Premium,Men Slim Fit Cotton Shirt,"₹3,999","₹1,720"
The Indian Garage Co,Men Checked Slim Fit Shirt with Patch Pocket,"₹1,749",₹455
SUPERDRY,Short Sleeves Classic Oxford Shirt,"₹3,999","₹1,880"
ALLEN SOLLY,Men Micro Print Slim Fit Shirt with Patch Pocket,"₹1,799","₹1,259"
ARROW,Men Geometric Print Slim Fit Cotton Shirt with Patch Pocket,"₹2,399","₹1,391"
INDO Cotton,Men Slim Fit Shirt with Spread Collar,"₹2,499",₹625
GAP,Long Sleeves Oxford Button-Down Shirt,"₹2,999","₹1,799"
The Indian Garage Co,Men Checked Slim Fit Shirt with Patch Pocket,"₹1,749",₹455
Jankit Designer,Men Regular Fit Shirt with Spread Collar,"₹1,999",₹500
Bullmer,Men Checked Regular Fit Shirt,"₹1,999",₹540
NETPLAY,Men Smart Fit Shirt,NA,₹899
British Club,Men Embroidered Regular Fit Shirt with Patch Pocket,"₹2,495",₹898
H&M,Men Regular Fit Shirt,NA,"₹1,999"
Buda Jeans Co,Men Relaxed Fit Corduroy Shacket,"₹1,899",₹836
ALLEN SOLLY,Checked Shirt with Patch Pocket,"₹1,799","₹1,259"
Campus Sutra,Men Chevron Patterned Regular Fit Shirt,"₹1,899",₹741
EYEBOGLER,Slim Fit Shirt with Spread Collar,"₹2,499",₹375
Paralians,Men Regular Fit Shirt,"₹1,999",₹419
Vooter,Men Printed Regular Fit Shirt,"₹1,999",₹400
KRUMPER,Men Regular Fit Cotton Shirt with Patch Pocket,₹899,₹360
Flocculent,Men Printed Regular Fit Shirt,"₹1,999",₹500
GAP,Men Embroidered Oversized Denim Shirt,NA,"₹3,499"
SUPERDRY,Workwear Cotton Shirt,"₹5,999","₹2,820"
SPYKAR,Men Slim Fit Shirt,"₹2,499","₹1,100"
KRUMPER,Men Plaid Check Regular Fit Shirt,₹599,₹240
British Club,Men Ombre-Dyed Slim Fit Cotton Shirt,"₹1,995",₹778
The Indian Garage Co,Men Checked Slim Fit Shirt,"₹1,749",₹525
ALLEN SOLLY,Slim Fit Shirt with Patch Pocket,"₹1,599","₹1,119"
British Club,Men Printed Slim Fit Cotton Shirt,"₹1,995",₹658
DENNISLINGO PREMIUM ATTIRE,Men Regular Fit Shirt with Flap Pockets,"₹2,599",₹676
Woxen,Men Regular Fit Shirt with Flap Pockets,"₹1,599",₹544
Voroxy X AG,Men Windowpane Checked Regular Fit Shirt with Patch Pocket,"₹1,999",₹380
SUPERDRY,Classic Long-Sleeve Fil-A-Fil Shirt,"₹4,999","₹2,350"
SNITCH,Men Slim Fit Shirt with Spread Collar,NA,"₹1,399"
RED TAPE,Men Shirt with Button Down Collar,"₹3,799",₹570
The Indian Garage Co,Checked Shirt with Patch Pocket,"₹1,749",₹525
British Club,Men Flannel Checks Slim Fit Shirt,"₹2,495",₹749
Campus Sutra,Men Regular Fit Shirt with Spread Collar,"₹1,899",₹665
Vastrado,Men Checked Slim Fit Shirt,"₹1,449",₹652
Andamen,Slim Fit Shirt with Button-Down Collar,"₹2,990","₹2,392"
The Indian Garage Co,Men Checked Slim Fit Shirt with Patch Pocket,"₹1,749",₹437
SPYKAR,Men Regular Slim Fit Shirt,"₹2,999","₹1,140"
Vaatko,Men Solid Regular Fit Shirt,₹999,₹370
POIPET,Men Geometric Print Regular Fit Shirt,"₹1,999",₹500
VERTUSY,Men Regular Fit Shirt with Patch Pocket,"₹1,999",₹600
Vastrado,Men Slim Fit Shirt,"₹2,149",₹924
Belpatra,Men Regular Fit Shirt,₹999,₹429
SUPERDRY,Long Sleeves Classic Oxford Shirt,"₹4,999","₹2,350"
La Martina,Men Brand Print Boxy Fit Cotton Shirt,"₹3,299","₹2,309"
Indo_primo,Men Printed Regular Fit Shirt,₹999,₹390
U.S. Polo Assn.,Men Slim Fit Shirt with Patch Pocket,"₹2,499","₹1,299"
KRUMPER,Men Regular Fit Cotton Shirt with Patch Pocket,₹899,₹360
SHOWOFF,Spread Collar Shirt with Full Sleeves,"₹2,498",₹749
Campus Sutra,Men Striped Regular Fit Shirt with Spread Collar,"₹1,899",₹703
UNITED COLORS OF BENETTON,Me Floral Print Regular Fit Shirt,"₹2,499","₹1,624"
Bullmer,Men Printed Regular Fit Shirt,"₹1,999",₹540
LOUIS PHILIPPE,Striped Shirt with Patch Pocket,"₹2,399","₹1,535"
LERIYA FASHION,Men Regular Fit Shirt,"₹1,299",₹455
Jankit Designer,Men Printed Regular Fit Shirt,"₹1,999",₹500
ASOS DESIGN,Men Striped Slim Fit Work Shirt,"₹2,499","₹1,749"
BANANA CLUB,Men Regular Fit Spread-Collar Shirt,"₹2,499","₹2,049"
